,Tweets,Harmfulness
0,"Fortnite Minty Legends Pack (code in box) Is $19.99 on Amazon 
Switch https://t.co/R2ylzeaaPW
PS5‚Ä¶ https://t.co/jm8MO93NKC",No
1,My internet died as soon as i opened fortnite and bought a new emote... is this a sign? What do i do with my life now? Pubg mobile?,No
2,Check out my broadcast from my PlayStation 4! #PS4live (Fortnite)  live at https://t.co/ZQe65IneJr,No
3,played fortnite with some friends or the first time ever tonight and tbh i had a very fun time,Yes
4,"REVIEW 'THOR: LOVE AND THUNDER' (while playing as Thor &amp; Jane Foster in FORTNITE)

https://t.co/yE35r8T1LN‚Ä¶ https://t.co/bVKqpFWUmJ",No
5,@999DomLozito @ma2st4er5 the guy from fortnite,Yes
6,@SUPERKAl64 Maybe not fall guys but like Among us and Fortnite. Basically ‚Ä¶they forgot fortnite,No
7,Fortnite #PS5 Live Stream  (Handcam) | BrockPlaysFortnite https://t.co/EJOIovqErd,No
8,Mmmmmmhhhmm what should i buy ü§îü§îü§îü§î #Fortnite #XboxShare https://t.co/VddovNaMhO,No
9,The new charged SMG on Fortnite is straight asssssssss. Used it once and I'll never pick it up again. Thor skins tho are pretty dope af,Yes
10,@iFireMonkey @ShiinaBR Peely in fortnite confirmed,Yes
11,Fortnite move https://t.co/AZXzdJgBse,Yes
12,fortnite loor,No
13,@wolfywyd You best me in fortnite so I‚Äôm kicking you from the fortnite clan your done pack your bags üòÇ,No
14,üîî The BEST PERKS for the Bobcat in Fortnite Save the World! https://t.co/1wf3uLiwqA https://t.co/eUWlL6hsrG,Yes
15,"üîî 150 V-BUCKS, ART DECO LLAMAS, 4TH OF JULY HEROES/SKINS - Fortnite Save the World &amp; Battle Royale‚Ä¶ https://t.co/zQREHf0rzu",Yes
16,üîî Damage opponents while in a vehicle Fortnite https://t.co/GnIt2khQQL https://t.co/ySEP4M1M7Q,No
17,Culture Minister Vows to Lift Regulations on Gaming Industry | Be Korea-savvy https://t.co/hIQV50Bpt1 #videogames‚Ä¶ https://t.co/IwlzZUyObU,No
18,üîî Overwatch 2 Beta + Fortnite | Game Informer Live https://t.co/FltOOMfQiT,No
19,"#Fortnite drawn using the art style of #RalphSteadman using AI creation tool #craiyon.

Absolute Legends. https://t.co/6oduXEeWX4",No
20,For those who got crashes and are less than windows 10 it is because fortnite got a new anticheat and it is affecti‚Ä¶ https://t.co/b0KLRHlaLF,No
21,Looking for Fortnite Clan just Reply and tell me ur discord,No
22,my Fortnite account is getting banned because of fall guys,No
23,"@RegiromBuilds hey there, sorry to bother you! ive noticed in a few games of your prop hunt on fortnite, there have‚Ä¶ https://t.co/NBbdfoSGwF",No
24,@Rematch_gg where the fortnite tournaments or scrims and why is your discord link invalid,No
25,Fuck a breakup what was the first Fortnite skin you had,Yes
26,@CryptoGarga @SpottieWiFi Fortnite astroworld,No
27,"This is how the night endedüôåüèΩüëë #PS5Share, #Fortnite https://t.co/bswGDt4HQX",No
28,@NinjSZN Fortnite is the first thing,Yes
29,Best sound idc what you say üëÄ #fortnitefails #fortnitefunny #fortnitememes #fortnite #fortniteclips #fyp https://t.co/0kS6ZtVGBp,No
30,"@meowwsnoopp What do you mean? Also, do you know if you can play Fortnite Sunday?",Yes
31,omg vulture fortnite is back,No
32,@pandatristen @cqrson He blocked me over a Fortnite analytics tweet,No
33,@roam_with Fortnite,No
34,i literally cannot find a clip of fortnite vi doing the dougie help me #arcane #vi #viarcane https://t.co/SqMTNux9Xu,No
35,@heybrick1 You could play fortnite,No
36,@ShawnaWTF bro making the fortnite chug jug,No
37,@delivfx yeah üòï this game deadass makes me a lil depressed &amp; i‚Äôm annoyed that i have a $2.5k pc &amp; i can‚Äôt use it bc‚Ä¶ https://t.co/T1twdjSeiy,No
38,@SUPERKAl64 Bro snuck in 2K and really forgot fortnite and fall guysüíÄ,No
39,"Item shop for July 9th, 2022.
The Defaults are back! Red Knight also returns along with Pitstop, Storm Racer, Toon‚Ä¶ https://t.co/WJk0MfnlXC",Yes
40,First game of #Fortnite ever. It‚Äôs all downhill from here I guess üòÇ https://t.co/UraRbs3Frk,Yes
41,@SquadHOUSE7 Mf sounds like a kid who killed ninja in fortnite üò≠,No
42,@FuggSlugg And the fact that they have to make him taller because he‚Äôs shorter than the average fortnite skins is amazing,No
43,@Mysticmelissa3 I will miss you we had good time playing fortnite together. Much love my friend ‚ù§Ô∏è https://t.co/yejWSCmEHZ,No
44,Take the damn charge smg out fortnite,No
45,Check out my broadcast from my PlayStation 4! #PS4live (Fortnite)  live at https://t.co/Cr1Raj2jRS,No
46,"@PumpkinComics ""I cant believe they made a series on Kenobi from Fortnite"" Im now tempted to get a tank loaded with‚Ä¶ https://t.co/K4sl7HAErJ",No
47,"@peeholelicker ok but think about this, Lets play fortnite",No
48,@SnipezOutz add me plus befor you hate i did not know that it puts your fortnite name if you loged into fortnite an‚Ä¶ https://t.co/QQByFXdA8J,Yes
49,the charge smg is quite possibly the worst gun fortnite has put out,No
50,@ValorantUpdated @kamito_otaku thats literally fortnite lmao,No
51,"dead eyes teaser #Powfu
full video: https://t.co/DdUNtnfBkV

#Fortnite #FortniteClips #gaming #gamingcommunity https://t.co/Dkm0ArOL0r",Yes
52,New custom skins coming to fortnite really soon https://t.co/u1qm5t0QjU,No
53,@Supahxex Just quit your job and play fortnite üòÇüòÇ,No
54,Fortnite Galaxy Cup 3: Tips to get the brand new Khari skin for free https://t.co/qkdGOhrXY7 https://t.co/poccvYvcft,No
55,@FreezeFN Holy fuck fortnite kids are fucking annoying as shit. This is exactly why I left,No
56,zhoa is rolling ten deep on fortnite,No
57,Jus like Fortnite üòÄ https://t.co/yOo8tHsTw9,No
58,"TOP 45! FNCS NAW OPENS.
#PulsarStars #fortnite #fncs https://t.co/U5bR04Y3TN",No
59,Before I sleep here is my wishlist https://t.co/zj4S2XcMxs,Yes
60,@FortniteStatus why don't you just make the pickaxes available to everyone because it's fortnite and not marvel can‚Ä¶ https://t.co/w8mNNGI96C,Yes
61,@Clemuntyne me on fortnite to do all of these 50 challenges i havent been doing,Yes
62,üì£ I'm üî¥ LIVE on #Fortnite !:https://t.co/EhHVls2pdK #wizebot #Twitch #TwitchAffiliate #TwitchStreamer @BOTNIAN @TETKA_TV,No
63,"LIVE - #VSOFFICIALS (S3EPISODE 37) #HAPPYFRIDAY  #FORTNITE "" #FOLLOW OR #SUB https://t.co/fU2CkQuWt2",No
64,Fortnite update*,No
65,"@thesquatingdog I ordered my set directly from their site, and it cost about 20 USD for shipping
https://t.co/RIS1x1kVPk",No
66,Level 128 on main account and level 44 on my second on Fortnite optictyty been grinding the hell out of season 3 vi‚Ä¶ https://t.co/xChYD3MZ62,Yes
67,"@FortniteStatus pls follow my tiktok @PondFisher1408 and give me a shout out pls and thank u, also could I get a Fortnite supporter code",No
68,Making the push let's do this! Let's get Affiliate! #Xbox #twitch #smallstreamers #fortnite #besavageoutlaw https://t.co/npAvZNwMZn,No
69,It‚Äôs 2022 stop asking niggas on fortnite if they have a mic,Yes
70,@Hurtynn @pandatristen @puxmm @aparfnbr Tristen believes Fortnite over anything,No
71,@DarkLeelan31 @FortniteGame Thank you for replying. Switch fortnite doesn't show 1st collecting quest properly. I w‚Ä¶ https://t.co/GHP03YPtsD,No
72,https://t.co/ypSngpaHfP check out my stream about checking out @SypherPK Fashion show #Fortnite #fortnitefashionshow #SypherPK #fashionshow,No
73,I wasn't  even aiming for a win #fortnite #PS4share https://t.co/6UWWhiaO9t,No
74,omg on fortnite https://t.co/ERgDkiZVyS,No
75,sunny fortnite skin https://t.co/cHAYRFogTn,No
76,Our fortnite map 2700-4255-2298,No
77,your favorite former cod semi pro turned fortnite grinder turned forza player is now the best fall guys player aliv‚Ä¶ https://t.co/gx7My2Rdbt,No
78,I HATE FORTNITE SIMPS https://t.co/3qO8eG59HI,Yes
79,Ben Kenobi doing what he must for that Victory Royale üëë #Fortnite https://t.co/cyoyrjMUJl,Yes
80,@JukuLuvs Playing FORTNITE and Streaming,No
81,Question what was the first ever fortnite yall ever did? Mine wa 1.01 https://t.co/NXulUznpXi,Yes
82,Anyone want to play fortnite at this very moment?,Yes
83,Hey @FortniteGame I'm trying to enable drops on twitch with my epic games account linked but I don't know who set u‚Ä¶ https://t.co/Tyl8pshoQH,No
84,"@AeroOnStation @FortniteStatus if fortnite is basing it off of comics then moon knight wouldn't be able to lift it,‚Ä¶ https://t.co/FcHtuRJ2XH",Yes
85,@cqrson @pandatristen @puxmm @aparfnbr yea i mean if u cant maintain a living from this game and u tale it serious‚Ä¶ https://t.co/J6lJ5aui9T,No
86,"@JukuLuvs Bored asf, i might just play a bit of Fortnite",Yes
87,The TF2 / Fortnite etc jokes about the shotgun that killed Shinzo Abe have gotten old real quick,Yes
88,Dragon ball zee clab coming to fortnite https://t.co/9WkpjDtzEN,No
89,"@KuroSaihara pegar uns 5 joguinhos kkk

Sonic Heroes
Mega Man X8
The King of Fighters XV
Street Fighter III: Third Strike
Fortnite",Yes
90,fortnite,No
91,"Perfect synch with an online stranger. #PS5Share, #Fortnite https://t.co/SNRbzLbZ2y",No
92,think i played fortnite for like 4/5 hours today hmm..,Yes
93,@_braduk It gives me Fortnite vibes either way üòÇ,No
94,@monicataher Fortnite moves!!,Yes
95,A lil noscope action in The Pit #Fortnite https://t.co/I8VPBebd00,No
96,When I get Fortnite and fall guys redownloaded I need people to play it withü´£,Yes
97,"ü§Ø You won‚Äôt believe this! A SCEPTIC'S GUIDE TO MAGIC CD KEY 
by DIGICODES ‚è© https://t.co/K7LU1F7VJb #pubg #fortnite‚Ä¶ https://t.co/r5SVv7W5hU",No
98,"I'm live on Twitch, come hang out! https://t.co/FLNXTxDNWm

#GiveawayAlert #Giveaway #Fortnite #vbucks #freevbucks",Yes
99,just found out I have 925 hours in fortnite,No
100,Me and Reese spent hours free styling Fortnite songs. This dude said ‚Äúdefault dance shit your pants‚Äù!! https://t.co/EUeNtTVrj9,Yes
101,"when eris's computer has exploded and i'm left to fend for myself on fortnite...

the cantonese and panic happens a‚Ä¶ https://t.co/iLVkv6rsbs",Yes
102,"#PS5Share, #Fortnite Ok ik my aim isnt A tier here but HELLOO??? https://t.co/2KK9kN37lP",No
103,this is jenna fortnite‚Äôs mother she actually landed on her head and died rest in peace my sweet angelic child who w‚Ä¶ https://t.co/xXDM9jMiIi,No
104,The ‚Äúfortnite move do it again‚Äù sound on tiktok gives me the creeps so bad,Yes
105,Fortnite item shop Live NEW Dragon Ball Z Skins (Fortnite Battle Pass) https://t.co/eDIQ2fRjte via @YouTube,No
106,"@snoozz5k @ashslifelol @snakewtfff hes 18 sounds 12, he‚Äôs unemployed, he has no car, he doesn‚Äôt know his major for‚Ä¶ https://t.co/Uj2PlsvMnd",No
107,7 hour fortnite stream! playing with chat for duos! and we got EMOTES !!! https://t.co/mhyVCOC64A,Yes
108,Number one victory Royale yeah Fortnite we bout to get down get down 10 kills on the board right now just wiped out tomato town,Yes
109,@PrettyDick09 Cod and fortnite,No
110,"Internet struggles have been really unfortunate as it has been continuing to take a toll, but I am extremely thankf‚Ä¶ https://t.co/xllieYjnmL",No
111,they need to add turk from scrubs to fortnite so the default dance can be complete,Yes
112,@SourCumCream Mostly cod and fortnite,No
113,"Dudes be so good at Fortnite but have the worst dental hygiene like bro, u worried ab the wrong type of floss",No
114,This one kid in my fortnite squad was just playing xxxtentation on repeat and said his fucking cat died üíÄüíÄüò≠ https://t.co/2oq7HBmuIp,No
115,watching Fortnite kids argue about who quit and who didn‚Äôt quit and who has more earnings keeps me awake at night,No
116,@marthaliving twerking fortnite,No
117,they should add the entire cast of ds9 to fortnite,Yes
118,Slept 3 hours shall I stream fortnite? #twitchstreaming #twitchstreamer #twitch #twitchtv #TwitchTVGaming #gamer #Fortnite,Yes
119,"Question, could this possible play Fortnite and not explode or freeze or be an overall waste of effort/money? https://t.co/98vcfcfcAi",No
120,Promare Fortnite,No
121,@fitzywym I think that every POI is gonna be a bloom thing and then they all spew a beam into the middle of the map‚Ä¶ https://t.co/iTXSuoAdoG,No
122,"Check out this Fortnite clip I recorded with https://t.co/bEyFIUkQcS! #Fortnite

üîó https://t.co/t2C7ukZu5S https://t.co/kW925CC2it",Yes
123,@SunsetDaisy25 thank u for the raid. U are a legend at apex and fortnite. Carry me to infinite dubs https://t.co/ytuRH87t0l,No
124,@NickSF_SSB happy birthday fortnite goat,No
125,Yo @m9dusa @SoaRGaming  might be time to add a new fortnite playerüëÄü§∑,Yes
126,"Shark assisted mid-air boat kill? Sure. No probiem.
#fortnite #PS4share

https://t.co/CvFAiTNBlE https://t.co/k8Z44UfDlV",No
127,@IGN IGN thinks Fortnite is better than The Boys S3 finale,No
128,Fortnite is hurting,No
129,"USE THE CODE OATLEY!  @OATLEY   #Fortnite

üîó https://t.co/O4pNyL4sAA https://t.co/wp2ZJiNz3N",No
130,"Community night is once again upon us!!! Fall Guys then Fortnite LFG!!!!

https://t.co/CkEpuHEMh0",No
131,@PresidentToguro Can't wait to see this weapon in Fortnite :^),No
132,playing fortnite w no mic is awful,No
133,I'm now streaming on Twitch! Playing Fortnite https://t.co/W5LErlTGSt,No
134,Check out The Highly Zone Fortnite Session https://t.co/DhSB35JyIY - Highly Tyjie,Yes
135,üü†‚ö´Ô∏èREPLAY Fortnite Nintendo Switch Gaming w/ Dylon Matt Season 8 Chapter 2 Streamed On Sunday October 10 2021 Night‚Ä¶ https://t.co/eSWmtyCMmO,No
136,preview for fortnite https://t.co/zlH2ToArec,No
137,Fortnite https://t.co/FCYASrwd9l,No
138,LADY GAGA X FORTNITE https://t.co/GLBcnjCc7W,No
139,"@jawohs 1) I need to get it when it releases again

2)HOW DOES FALL GUYS HAVE BETTER COLLABS THAN FORTNITE",No
140,Some youngster just asked if he could sing a song for me...  a song that he plans to sing in front of his whole sch‚Ä¶ https://t.co/UERCfUGlEx,No
141,"Zero Build Fortnite - use code ""slappxn"" in the item shop - $slappxn
https://t.co/gFDWsLFWnA https://t.co/1kYFUVm69d",No
142,@GlitchKing15 I have a fortnite glitch,No
143,Aw Yeah Fortnite that game i'm triying,No
144,Hey @FortniteGame I think you forgot these styles for the skins and that the stormbreaker should be only one hand‚Ä¶ https://t.co/yIsFvZkESZ,No
145,@P7JJbaAnimeCon The made in heaven event for fortnite is gonna be crazy ngl.,No
146,@SammyCee12Three All you people saying you need to get into Fortnite now need to go to horny jail this skin was in‚Ä¶ https://t.co/QDA20Rd4DN,Yes
147,back on fortnite now since they got zero builds lets goooo,Yes
148,@LyonGives @Murtuzagives Done,No
149,are u the fortnite gf or the among us gf,No
150,@Notroobydooby Should have said Fortnite night,No
151,Do I even want that fortnite skin fr tho smh,No
152,"#Fortnite Event Flag update:

Celebration (Vibin') Battle Bus modified:

End Date:
- Sept 11th, 5am ET
‚û• August 16t‚Ä¶ https://t.co/KSOkJLQ8cj",No
153,My best #Fortnite win in a long ruddy time!! 15 kills!! #PS5Share @Scottyboy89 @big44gaming beat that! üòÅ https://t.co/DPbwO4lHTL,No
154,@Rhymatics @LusiaMV Eleven and Naruto which both had crossovers with Fortnite are also leaked in multiversus so jus‚Ä¶ https://t.co/7LlRUQdSQJ,No
155,comin' in hot! #Fortnite https://t.co/6M0mbrpc0x,No
156,"Playing Fortnite:
Matt: I don‚Äôt know anything about Indiana Jones, but I put him in the outfit with the least amoun‚Ä¶ https://t.co/30spnEcyzs",No
157,@strangelesbian fortnite is gay marriage done right,No
158,"Go mark the bad man wolfie... Good boy!
#fortnite #PS4share

https://t.co/CvFAiTNBlE https://t.co/6tZTmNl4TX",No
159,new raw unedited Indiana Jones @FortniteGame  event walk through vod is now out on @youtube #gaming #fortnite Use c‚Ä¶ https://t.co/Fp7sJHzeBt,No
160,Never playing fortnite again,Yes
161,#jayslayttv is now streaming #Fortnite https://t.co/LynneRkGUP #twitch #Streamer #videogames #gaming #entertainment #twitter,No
162,"selling my fortnite account
email can be changed ‚úÖ
hit dms https://t.co/to0LO4hrfy",No
163,"Fortnite X Dragon Ball Z
First Collab To Sell A Billion Times. https://t.co/NwfMUGS2xS",No
164,ok its like 2AM and I swear I just saw Fortnite dancing pikachu in my room what fuck,No
165,@fortnitebussy1 theyre mario kart 8-ing fortnite,No
166,Can't believe I got roped into the Fortnite meme.,No
167,@sillyricks @durdle9 @kitten4mommy @BalugaV @BalugulaWhale @AnbuUnderscore Bro I actually don't understand people w‚Ä¶ https://t.co/KlCVukExJz,Yes
168,"My uncle pat grows and sells a fuck ton of weed(and he got kicked out of collage for growing it, my uncle Tom smoke‚Ä¶ https://t.co/yIO2jKUI7H",Yes
169,Fortnite!,No
170,fortnite is so funüò≠üò≠,No
171,fortnite is having so many fucking glitches this update and it‚Äôs obnoxious,No
172,Minecraft Facts : water is a 19 dollars fortnite card,Yes
173,"Hi, If you are looking for a professional logo design for your new gaming channel DM ME

#twitch #fortnite
@SGH_RTs‚Ä¶ https://t.co/JOvbv0V2VU",No
174,What if the upcoming Shape World episode was called Taking Silver Fortnite Cards Yet Again?,No
175,@DJNinjaRoblox fortnite,No
176,"https://t.co/fag4dxkP1w
How to view all snap styles, even UNRELEASED styles visible in game
@HYPEX @ShiinaBR‚Ä¶ https://t.co/nL64MJ10fb",Yes
177,@Castg19 Fortnite crew because i love it sm,No
178,Moon nights in fortnite?.... https://t.co/YarOtaVDOH,Yes
179,@The_Visitorfn @Amie_Fortnite You just realized?,No
180,@jimmykimmel i hate you so fucking much but i really don‚Äôt know who else to ask‚Ä¶ we need a fourth. get on #Fortnite,Yes
181,"// roosterteeth is really on a mission to crossover with every franchise

RWBY x Fortnite is inevitable",Yes
182,@MamiaOrio_ me when fortnite,No
183,code oq0 in the fortnite item shop. https://t.co/aGL3G4Rkyk,No
184,"LFD ONLY GOOD FIGHTER DM 

https://t.co/iHUYPICGey
https://t.co/2kP5GU8ntP

I can IGL or Fragger",No
185,"Still can‚Äôt believe that Fortnite really made Travis Scott, Halo, and a bunch heroes from marvel came from that gam‚Ä¶ https://t.co/00300EdPzP",No
186,don't ever go to gas stations. specially the ones in fortnite. https://t.co/BA0M01fHtP,Yes
187,Need a Fortnite sneaker collab,No
188,QUALED FNCS ROUND 2 BABY LETS GOOO!!! #fortnite #FNCS https://t.co/Dfui65Ffw5,No
189,ayo fortnite what be goin on with red knight's head https://t.co/PP2wRO2DuM,Yes
190,Anyone one know how to get Strecthed Screen In Fortnite?,Yes
191,He is looking at your last saved image #Fortnite https://t.co/LjP7weNbnt,No
192,"Let this be a lesson. Never hide behind a gas pump.
#fortnite #PS4share

https://t.co/CvFAiTNBlE https://t.co/TOJTWBi298",No
193,"Fortnite Snap final style REVEALED!
I figured how to view all snap styles (Unreleased ones)
Please share video and‚Ä¶ https://t.co/dBlwAs5d19",No
194,@oShven I‚Äôm playing Fortnite and fall guys,No
195,hideo kojima really fortnite game ended shinzo abe with the doohickey boomstick,Yes
196,@Tfue  fortnite,No
197,They‚Äôre a 10 but they play fortnite https://t.co/prsIPiK9sy,No
198,I Need a Free Fortnite Highlights Editor that does yarn style (Dm Me) (I said Free),No
199,why did i think this was a fortnite map lmfao https://t.co/Cnofj26wxB,No
200,@its_lupa LUPA gets on twitch and plays fortnite: i watch / maybe join,No
201,@d3ft0n3 fortnite player since day 1 üíÄüíÄüíÄ,Yes
202,i hate fortnite voices https://t.co/D6Teq0zE8d,Yes
203,(WARNING: Fast Tapping) Don't Watch This Fortnite Let's Play Compilation Unless You Want To Feel Better,No
204,I'M IN THE $100K FORTNITE TOURNAMENT FOR THE #Tatmantailgate !!! LET'S GOOOOOOO!!!! @timthetatman @Wipz #Fortnite https://t.co/HuCSxVsHZ1,No
205,‚ÄúWhy do girls wear makeup as a mask it‚Äôs not their actual face?‚Äù Asks the grown man who goes crazy every time new skins drop in Fortnite,No
206,"@Snowiii95 Stardew Valley, Fortnite, Fall Guys, Final Fantasy and more",Yes
207,jonsey fortnite and tf2 should collab,No
208,"i used to be into fortnite. yeah sure, we all had that kinda phase. that doesn't mean i wanna keep dating my fortni‚Ä¶ https://t.co/WmixbDn7xz",No
209,"Day 22 of @itzpumpkinzzz Fortography Challenge: Updated
Ôº≤ÔΩïÔΩéÔΩÑÔΩèÔΩóÔΩéÔºå Ôº≤ÔΩÖÔΩóÔΩèÔΩíÔΩãÔΩÖÔΩÑÔºå Ôº≤ÔΩÖÔΩéÔΩÖÔΩóÔΩÖÔΩÑ
#Fortnite #Fortography‚Ä¶ https://t.co/kjoeRtSJT4",Yes
210,Abt to play Fortnite for the first time in like a year LOL,Yes
211,@Bravo_irl + fortnite,No
212,what did fortnite mean by this? https://t.co/5tNHy5GqIW,No
213,I am going to play fortnite after 2 weeks of not playing,Yes
214,"Thanks for coming to Fortnite Stream, got only a Victory, had a blast playing with @alinkinthepast @BananaTempest &amp;‚Ä¶ https://t.co/Rh5DWZDHou",Yes
215,"What's he looking at? (wrong answers only)
#FortniteCreative #Fortnite https://t.co/J3qg42Dcvw",No
216,last night me would be so happy cose im playing fortnite,No
217,"Apology over political donations, an interview with a Fortnite architect and the use of TikTok grows‚Ä¶ https://t.co/gVBCfXBd6T",Yes
218,@DonaldMustard yo hick hook me up with some Fortnite porn https://t.co/cXFFqsWdHy,No
219,Fishstick 2: Judgement day #Fortnite #XboxShare https://t.co/fg6pfE1nVn,No
220,Eh.. at least we got a W on fortnite üòÇ,No
221,@lov3is3ndless they were talking about ariana‚Äôs fortnite skin then drew called her ariola so then they were talking‚Ä¶ https://t.co/61naloS22A,No
222,How cool! ‚ù§Ô∏è #Twitter #Fortnite https://t.co/l78qJJDfFl,No
223,"My dads first worked for character in Fortnite!!! I‚Äôm happy I could get him into this game, I love it so much https://t.co/Wwq6xwdxiY",Yes
224,there is a point in one‚Äôs life where you tell 12 year olds on fortnite to kill themselves,Yes
225,lets go boss #PCGaming #Fortnite https://t.co/WNND1v2yh7,Yes
226,i would do anything to have this be an emote on fortnite https://t.co/zGz5JfxZi2,No
227,@JllovesPie @ComicGirlAshley bro is posing like he in the fortnite lobby https://t.co/bU8kA3S4o2,No
228,@DireFbc @ReydyAtion @z3nzv11 @FortniteKids Bro your a fortnite kidüò≠ lock in boy,No
229,@boycrazyOF OF means only Fortnite‚Ä¶ yep,No
230,"@KimboSIime Fortnite 
https://t.co/1SO5Y1Qeln",No
231,@DrLiebknicht @FortniteStatus @FortniteGame How‚Äôd you fix the problem? Bc this keeps popping up for me. I already d‚Ä¶ https://t.co/1mFK3YytfP,No
232,"Thanks rogers, after 1587 days i finally was able to go outside and touch some grass!!! #fortnite",Yes
233,@bryyrr_ no fortnite,No
234,@AlphaVopper Fortnite,No
235,"Idc what anyone says, fortnite is beginning to make the right changes, comp is ab to be comp again :)",Yes
236,Looking for a og fortnite account,No
237,Jojo art style in 3d or fortnite art style is amazing https://t.co/KNy5dKi4K4,No
238,@FayaDarby Omfg Fortnite at it again,No
239,"First day from quitting fortnite. I already have a wife with a kid on the way, elon musk became my brother, i made‚Ä¶ https://t.co/0YjWXH7dlj",Yes
240,Builds or no builds in fortnite?,Yes
241,When you are as good as me at fortnite and get 21st in FNCS opens you treat yourself https://t.co/7wQRw0Z8NZ,No
242,But at least I got her on Fortnite üò≠,No
243,Do you remember when you joined Twitter? I do! #MyTwitterAnniversary #TwitchStreaming #streamer #twitch #affiliate‚Ä¶ https://t.co/RyGNUAXsOm,No
244,because of the outage for 16 freaking hours of no internet we back online and for that imma add a 2 hour Fortnite b‚Ä¶ https://t.co/iRma9jz4iP,Yes
245,"He's playing fortnite, using the new charge Smg, lasering someone in seconds

""HOLY SHIT!!!""",No
246,"‚ú®LIVE‚ú® with some FRIED FORTY GAMESSSSSS WITH THE BESTIESüòç
#streaming #Fortnite #affiliate #BESTIEFAM @rtbestiefam‚Ä¶ https://t.co/N7YYv44QoU",No
247,"#PS5Share, #Fortnite @yxngxpoit got destroyed https://t.co/3XERCIm34e",No
248,who is the fortnite pro here for $1üßê https://t.co/dCZuVDX9bY,No
249,"@Mech_idk U cant achieve shit being a regular fortnite kid bro trust, there is a lot of things in the world other than ur pc",No
250,@combatwyd can i have ur fortnite please üòπ,Yes
251,@BlevinTheCube_ Happy bday!,No
252,"mithrandir419 has been streaming Fortnite for -18 minutes and no one's watching them, go say hi and make their day‚Ä¶ https://t.co/eySart0yB3",Yes
253,download fortnite cuma gara gara mau skin mighty thor,Yes
254,Fortnite Modding Documentery Server Got Nuked ü§êü§ê,No
255,QUALED FOR ROUND 2 GOT 948TH GOTTA DO BETTER TOMMOROW BUT WE GOT THIS #FNCS  #Fortnite #FreeCash #WINNER https://t.co/DPX71gARiP,No
256,"a lil sum #Fortnite

üîó https://t.co/jS1VMPyDmm https://t.co/Mz32TEpXIS",No
257,@ThatGuyTCald exactly. I got so mad man. honestly fortnite hasn't been good this season,No
258,My Brand new Fortnite map is finally done can I get help to 1000 followers so I can publish it #FortniteCreative‚Ä¶ https://t.co/w8oRNSwRGa,No
259,"Fun fact: If Lady Gaga comes to Fortnite‚Äôs ‚ÄúRift Tour‚Äù, there is a high probability that Ariana will return to perf‚Ä¶ https://t.co/brHbUIMSRp",No
260,@TimpunnyT not in fortnite unfortunately,No
261,Pokemon Mystery Dungeon: Explorers of Sky - Nintendo DS - Graded UKG 85 | PAL UK Sell... - https://t.co/4bq7MFAhtU‚Ä¶ https://t.co/nzVfUp5VDU,No
262,HOLY SHIT!  Just got the email that I get to play in @timthetatman s Fortnite tourney next weekend at the tailgate!‚Ä¶ https://t.co/RLRe6EkyiF,No
263,ComicBookGrey Presents Messing With Sasquatch üòÇ it‚Äôs like an @JackLinks commercial https://t.co/ZngTkY6kkN‚Ä¶ https://t.co/WW4ighUq4u,Yes
264,12 yr olds be having sex and smoking like bru when I was 12 I was grinding on Fortnite,Yes
265,"5 kill win.. The last person was eliminated in storm by the 3rd place player..

#Fortnite 
#FortniteChapter3Season3‚Ä¶ https://t.co/TwH7FBlUpC",No
266,Happy birthday @BlevinTheCube_. Nice to see your still with us in the Fortnite community. Love you man and never change. ü´ÇüéÇ‚ô•Ô∏è,No
267,@imabigpearguy Fortnite,No
268,"@JohnRaesen @TheScann yeah, because doing the same thing over and over again can't get boring. i use to play fortni‚Ä¶ https://t.co/oIaZknDpOB",No
269,"I might still be bad at shooters, but please be proud of my 2nd ever victory royale ü•∫üíñ

Just want the Indy stuff an‚Ä¶ https://t.co/IODUML41RD",Yes
270,FORTNITE AIMBOT 2022 PC ‚Äì ESP / FORTNITE HACK DOWNLOAD FREE / FORTNITE CHEAT WALLHACK https://t.co/hAwWvFqHwT,No
271,"Solo Dub with 8 Kills I be getting better üòÄ

#solo #sologamer #solodub #gaming #pc #pcgaming #epicgames #fortnite‚Ä¶ https://t.co/ZzrkYep2Ts",No
272,FREE FORTNITE CHEATT 2022 https://t.co/hAwWvFqHwT,No
273,FREE FORTNITE CHEAT https://t.co/hAwWvFqHwT,No
274,NEW BEST FORTNITE HACK | FREE FORTNITE CHEAT | HACK AIMBOT + WALLHACK | FREE DOWNLOAD FORTNITE HACK https://t.co/hAwWvFqHwT,No
275,the effects of loopers on the natural flora and fauna of the fortnite island,No
276,who needs fortnite when you can have fortnite,Yes
277,"5 kill dub last week/weekend as I got the last 2 

#Fortnite 
#FortniteChapter3Season3 
#FortniteVibin https://t.co/LVc54IV4Cg",No
278,NEW FREE FORTNITE CHEATS HACKS ModMenu https://t.co/XNeSn8yiZn,No
279,@swegazfx He said ‚Äúbest fortnite clip hitter‚Äù üò≠,Yes
280,FORTNITE HACK PC/PS4 [AIMBOT ESP SKINCHANGER] / FREE CHEAT DOWNLOAD https://t.co/XNeSn8yiZn,No
281,"GSM Fix Fortnite Apk Latest Version 2022
https://t.co/wkslRkfJMa",No
282,"Fortnite Chapter 3 Season 3
Progress: 33.02%        Remaining: 71 days
 #FortniteChapter3 #Season3 #VIBIN https://t.co/sb12Px9FIl",Yes
283,Gotta use code: Pree in the fortnite item shop so I can get this pack @TheRealNikolaou https://t.co/Rv7CejdAdD,Yes
284,"Wassup everybody! Im live! no really....like right now.....

https://t.co/xlfT5e1640

#youtube #fortnite‚Ä¶ https://t.co/Y6yTilvR39",No
285,NEW FORTNITE CHEAT JUNE 2022 | FORTNITE AIMBOT + ESP V 2.0 | FREE FORTNITE HACK | UNDETECTED https://t.co/XNeSn8yiZn,No
286,"@Concxptz Apex, Fortnite, Life",Yes
287,FORTNITE DUBS WITH THE BOIS!  https://t.co/FAfYDjWaau,No
288,"@DisneyMKingdoms Someone at Gameloft saw how Fortnite and COD were printing money with their Battle Passes.

If you‚Ä¶ https://t.co/ospM40WW32",Yes
289,Ok I guess I just won't emote in Fortnite anymore. jesus christ.....,No
290,@drxkoNz Fortnite,No
291,taking my talents to Fortnite this off szn ‚úåÔ∏è,No
292,@FNBRintel fortnite,No
293,"welcome back to is fortnite good?

hell no.",No
294,Guys new vid out go watch it #Fortnite #subscribe,No
295,I bought the battlepass and now I have to actually play fortnite,No
296,"‚ñ∫ https://t.co/bwPmsGfY2D 
Replay some gems with this Sega Genesis Classic Game Console 

#sonic #fortnite",Yes
297,@FitzyLeakz They should make them equippable with any skin just by popular demand. I swear Fortnite needs to listen‚Ä¶ https://t.co/RhAIramrk4,No
298,Fishstick #Fortnite #XboxShare https://t.co/oRjwM7Ikup,No
299,I CANT BELIEVE I FUCKING MISSED HERMES FORTNITE AT THE PARTY SCREAMS,No
300,"‚Ç±380 for all in appstore for ios

procreate for ipad or pocket
face app pro (1 yr)
rni film
rni flashback
dazz cam‚Ä¶ https://t.co/277ZOtt8dC",No
301,"Hey guys new video 

https://t.co/FKBKw2NTey

#onama #obama #minecraft #joebiden #internetdown #lapbartners",Yes
302,nikolai is playing minecraft. he doesn't like the cave ambiances. they scare him.,No
303,minecraft,No
304,@MasonJar444 I lied I don‚Äôt like sex. Put ur clothes back on. Which do you choose? Minecraft Bedrock Edition or Minecraft Java Edition?,No
305,@priv_aden I played a lot of minecraft,No
306,Learning Minecraft as a faux grownup is humbling,Yes
307,that shit was weird but at least it had minecraft https://t.co/iYOJfvsEbr,No
308,Minecraft Facts : nintendo is this among us impostor ?,Yes
309,@VorosTwins you look like wheat from minecraft,No
310,@ValenciaCosplay Lmao get off minecraft,No
311,Me trying to find the Minecraft screenshots folder https://t.co/3dGFVxIpgE,No
312,they should add pregnancy to minecraft,Yes
313,"@Snowiii95 minecraft, gta, fall guys, apex, red dead",Yes
314,#Minecraft #NintendoSwitch ooohhh this might take more than a day uhhh https://t.co/YfWlEdpWk2,No
315,AWWWWWE technoblade pig's on the front page of the @Minecraft launcher!!!!! https://t.co/Al3OTXFlU5,Yes
316,"How an artificial intelligence learned to play Minecraft from 70,000 hours of YouTube videos‚Ä¶ https://t.co/qqIfWxNjs2",Yes
317,@MareNextDoor *minecraft palaces,No
318,minecraft silverfish is/are bisexual,Yes
319,minecraft spruce wood transphobic,Yes
320,i need minecraft bedwars players ‚ô•‚ô•,No
321,Fyodor is playing minecraft with Sigma.,Yes
322,She's a 10 but plays Minecraft all day,No
323,@FOXFM9 @GeorgeSears1972 @tomatozer0 @TheActMan_YT Here's a Travis Scott Minecraft skin for u. https://t.co/5b0rwFnpg7,No
324,@Minecraft @AuthenticGames @GrianMC @stacyplays @Wyld @nature_org If there is a way. To get my cape back I would be‚Ä¶ https://t.co/giB8lZCkmI,No
325,"„ÄêMinecraft Parody„ÄëPH intro SEE YOU AGAIN part2
https://t.co/4TS0k4weqd
#minecraft #anime #animation #game #gamer‚Ä¶ https://t.co/Z0Xe7OxWkm",No
326,"@picsreminisce i wish we could get these back. like, i wish we had the option to open these old tutorial worlds. i‚Ä¶ https://t.co/MFqBxymNkC",No
327,@notch Fix minecraft my girlfriend hates your game now,Yes
328,like 50% of my time playing Minecraft is spent wondering where the fuck that cave i just died in went,No
329,minecraft twitter stans are Misty,Yes
330,"@oh_kelp Yep this season is just wat I need drama, love, chaos, Minecraft,chaos",No
331,@CashhOutSaint Minecraft was probably the only game I could do that while being medicated daily,No
332,SkyTown [1.19]: SkyTown is a SkyBlock server combined with Towny. The best part is you get to choose how you want t‚Ä¶ https://t.co/Hg2sOICYYW,No
333,"@Minecraft This Minecraft Gameplay Video is                          AWESOME!!!  
Check it out!   IT IS A MUST SEE!‚Ä¶ https://t.co/xwXfWCzMYg",Yes
334,"@GlmrWrld oh thats jus true, without the older guys who built up the minecraft YT scene it wouldnt be nothing such‚Ä¶ https://t.co/3bToLnEW4O",Yes
335,I woke up to see myst4‚Äôs stream is horror so.. huh a chill minecraft stream and chaotic and malding stream‚Ä¶,Yes
336,You ever find yourself over thinking a project idea? Like unable just run with a silly idea you need to research th‚Ä¶ https://t.co/jiW0DNY3rH,No
337,"Hey, everyone! Just wondering who here has a Minecraft SMP that is on Bedrock edition, or a Minecraft realm that yo‚Ä¶ https://t.co/jry3934U22",Yes
338,I should actually draw but I had so much fun making minecraft skins dkfhkjsdhgisdf,No
339,thinking of spinning up a dedicated server for a persistent open world game (maybe minecraft? starbound?) for surge‚Ä¶ https://t.co/M0fbtkwHcz,No
340,Minecraft Animation Series 3 Episode 5 Coming August 13 It's Just Not Fair COMING SOON https://t.co/KJMrxZkw2B,No
341,i need a minecraft bodyguard since i jljned z‚Äôs world i dont think ive had over 3 hearts once,Yes
342,Minecraft civilisation videos are wild,Yes
343,I bought Minecraft with the last of my savings and still haven't been able to do jack shit with it,No
344,@angeIfawn we need matching minecraft plushies &lt;3,No
345,@MojangSupport I tried to transfer stuff from my nintendo switch to my minecraft account and it doesnt want to tran‚Ä¶ https://t.co/pGhFL8qOf7,Yes
346,;i want 2 draw pill but no energy tired n wana play minecraft ]:,No
347,@ch6rlies i will play minecraft with you,No
348,"he's not muted,,, he was playing minecraft üôè‚ÅâÔ∏èüíØüíØ",Yes
349,"Bitches be like:
No more joining Minecraft SMP‚Äôs, but proceed to join more SMP‚Äôs just to shoot their shot. 

It‚Äôs me, I‚Äôm bitches",No
350,I wanna talk more about the things that I genuinely enjoy like Marvel and Minecraft along with so many other things‚Ä¶ https://t.co/oqYPuQknM4,No
351,ass so fat i make the minecraft anvil sound when i sit down,No
352,"play minecraft with my classmates
Comment and give some good suggestions. https://t.co/a1oylMPIwR",No
353,Can't wait for minecraft to ban the word hoe,No
354,"minecraft frog plushie my beloved,,,",Yes
355,@Minecraft @AuthenticGames @GrianMC @stacyplays @Wyld @nature_org Here is proof of a really old screenshot on my sw‚Ä¶ https://t.co/USj9tIPorq,No
356,"@Fit_Marguerite @garbokoolaid #PCMasterRace hell yea, we should totally play Minecraft together!!! Hope it wasn‚Äôt t‚Ä¶ https://t.co/qm1Tt6pDHr",Yes
357,"@GlmrWrld lookin back the minecraft youtube scene was crazy, really built up a lotta stuff we have now, they were t‚Ä¶ https://t.co/e0DIBmWtfG",Yes
358,bro I wanna play Minecraft too but sunbreak is consuming my soul,No
359,"Uploaded A new shorts after 9days üòÖ
Check it out üëá
https://t.co/hZ3TFUcjpB
minecraft viral hack",No
360,"@333pa0la To keep your information secure, please complete our request form at https://t.co/BSU6Los7sN so we can qu‚Ä¶ https://t.co/tRt9a2IFp1",No
361,@Minecraft @AuthenticGames @GrianMC @stacyplays @Wyld @nature_org Is there a way for me to get my golden creeper ca‚Ä¶ https://t.co/Fa5iXUOEPj,No
362,Minecraft Facts : cum,Yes
363,@Minecraft @AuthenticGames @GrianMC @stacyplays @Wyld @nature_org mild as the wild update,No
364,"This pig was the real hero of Minecraft story mode
R.I.P Reuben the pig https://t.co/jXnis74Wa3",No
365,Non problematic minecraft youtubers who play vanilla survival?? Pls,No
366,@ReallyNeptune MINECRAFT,No
367,@redheadshot2000 Please send us an email at https://t.co/Ik7MAZxpzZ and we will assist. Remember to attach your Tra‚Ä¶ https://t.co/Yf3jjlg4LY,No
368,"Thanks for the tag  @ ritsu_ch0507
Last 5 games I played:

Minecraft
Tom Clancy's Rainbow Six Siege
TETRIS¬Æ EFFECT‚Ä¶ https://t.co/MiP2lnXvqX",Yes
369,just got invited to the biannual attempt at a minecraft server aw,No
370,Secret Minecraft stream https://t.co/7ydPb39aRq,No
371,"Not much change right now due to the lack of bricks, but I have started to flesh out the other building to the righ‚Ä¶ https://t.co/puU0hgXYvC",Yes
372,"@Mojang @adicionalogo @Minecraft 
Jus't put this crown üëë bitch! https://t.co/V2DQncJuBG",Yes
373,"https://t.co/Ju6fb6E40C
updated spoingly slimes for the new create update! changed two textures and added support for the glue on the bogeys",No
374,@Bones_the_emo2 Random... Minecraft Gameshow gif https://t.co/qAFusksHuu,No
375,Thank you Double Life @Smajor1995 @PearlescentMoon @GrianMC @GTWScar @SolidarityCoUK @Smallishbeans @ZombieCleo‚Ä¶ https://t.co/TVRuZdXQbq,Yes
376,"SURVIVING My First Night in MINECRAFT | MINECRAFT Survival Mode Gameplay

Watch: https://t.co/ctNanVJaFZ‚Ä¶ https://t.co/wF0IDuBXFJ",No
377,"Completely random new hobby, I'm playing with Minecraft mod creation. Let me know if this is something worthy of a video!",Yes
378,@HovFN I was looking at Minecraft videos,Yes
379,woah the most flowers ive ever seen before in minecraft https://t.co/jABcH8dzFV,Yes
380,I'm no good at actual Minecraft. In order to play and have fun I always put it on easy because all that matters to‚Ä¶ https://t.co/t9yJbctHAH,No
381,come blood burger come ryan sumowski hipwatcher's with a side of Playstation 3 chungus free minecraft goop ryan sum‚Ä¶ https://t.co/B2xCkdkLVu,No
382,discussing minecraft and among us in final fantasy fourteen,Yes
383,Wario beat Minecraft Steve at Nidhogg.,No
384,"@bobbydigitales Monkey Island
Street Fighter 2
Virtua Fighter
Halo
Minecraft

They all are a package of dozens of b‚Ä¶ https://t.co/JLIRg2kp7M",No
385,"Whoever first put LED's in headlights should be shot...

Out of a canon...

Into the sun...

In minecraft.",Yes
386,I remember very early of me playing minecraft I didn‚Äôt know you could put sugar cane on I think it was sand for a long time üíÄ bless my heart,No
387,Just loaded up Minecraft and saw this lol #Minecraft https://t.co/NCjg2TKROC,No
388,minecraft twitter stans are measuring,Yes
389,"@GlmrWrld AHHHHHHHH THE OG, it did similarly yea, a lotta those songs were smashing successes. underrtale,fnaf and‚Ä¶ https://t.co/k8kCwK52Pi",No
390,"We will have a store for InfluxGens, but, what would you like to see on it? We will have crate keys, but other than that? #Minecraft",Yes
391,Can you spot the differences between @JackietPikachu's Minecraft skin and the skin that he made for me? https://t.co/hdlpjH7K80,No
392,Have you ever given dumb people the resources to be even dumber? *Cough cough* I may have linked someone minecraft‚Ä¶ https://t.co/qobkohVaSp,Yes
393,someone play minecraft with me,No
394,"#Minecraft #NintendoSwitch
I just wanna play the game in peace- https://t.co/nMFpBQPEdV",No
395,"@Minecraft @Mojang 
Jus't put this crown bitch! https://t.co/EPWdUzKcLe",Yes
396,@rafilllla @Minecraft @AuthenticGames @GrianMC @stacyplays @Wyld @nature_org They're literally trying to help prese‚Ä¶ https://t.co/cgpJ5lebKL,No
397,Now it's time to play Minecraft,Yes
398,@zorin1101 @SomeRandomLadyy @KarlynBrainStem IT is an important skill. It‚Äôs definitely not a skill I have a talent‚Ä¶ https://t.co/wAa7hNhzCp,Yes
399,"Tech news
 How to activate a conduit in Minecraft 1.19 update - Sportskeeda
 Find out why Apple, Twitter, Abhinav B‚Ä¶ https://t.co/EzrE87KeHp",No
400,// time to be a real mid 2000s kid and play some minecraft,No
401,"@gnfsjoint I knew there was a guy who is so good in Minecraft before I join the fandom
Then in Jan 2022 I watched a‚Ä¶ https://t.co/B8e46XaNnZ",No
402,@NathanHeadPhoto Minecraft,No
403,@ziibiing Minecraft perhaps?,No
404,She‚Äôs a 10 but she refuses to play video games(even minecraft),No
405,@3290_4 @WasabiAss @katccat @media_b1tches @picsreminisce java has a much larger library of mods and there are even‚Ä¶ https://t.co/qLe8qNhFPB,No
406,@3290_4 @WasabiAss @katccat @media_b1tches @picsreminisce this thread is giving me an aneurysm but i'll explain why‚Ä¶ https://t.co/UXNeR9HL3z,No
407,progressive ?? üò≠üò≠ pls we stan minecraft streamers wht do u mean progressive https://t.co/7qnKANsEnc,No
408,"@GlmrWrld AND THEY WENT HARD, CAPTAINSPARKLES GOAT, HEROBRIMNE A LEGEND MINECRAFT  AHHHHHHHHHHHHH",No
409,Come join in on on the Minecraft fun!! Building a zoo in Minecraft with so many mods! #gaymer #gay #lgbtq #lgbt‚Ä¶ https://t.co/pIMZgjGyEW,Yes
410,@KysenGaming @EthoLP Exactly the same for me! He was my favourite childhood Minecraft YouTuber and i absolutely lov‚Ä¶ https://t.co/sgxOwdnrn9,No
411,"A wholesome moment of me and some strangers riding the train on @theHiveMC 
We did this for like 20 minutes :,) wha‚Ä¶ https://t.co/i80XN1s6d8",No
412,@BrazilianHoneyy What about Minecraft?,No
413,Going live w/ some more HOA Minecraft! https://t.co/zqoj3rZjQX,No
414,Listening to the misfits podcast gives me serotonin and just stopped my panic attack‚Ä¶love thatüòÇ,No
415,@shadow_unknown1 *I remember watching sum related to Minecraft on netflix as a kid*,Yes
416,"WOW A GAMING STREAM????
Time to overcome my year long fear of playing Minecraft alone w/ my first gaming stream!

I‚Ä¶ https://t.co/FEDsuhRgYs",No
417,"it‚Äôs raining üåß not sure why but sky seems gloomy today ,
May play minecraft today",No
418,@Minecraft @MojangSupport pls remove render dragon engine from minecraft pe edition this engine is very laggy and i‚Ä¶ https://t.co/6MGb4enhmT,No
419,something abt tonight is giving me weird anxiety so i'm going to go play minecraft üòéüòéü§ì,Yes
420,Dah tau belum MMM buat comeback with a new name and new series iaitu Modded Minecraft Malaysia Reborn.. Boleh check‚Ä¶ https://t.co/5IIn1jQXHz,No
421,hey guys!!! i made a teleporter in minecraft https://t.co/lKmBbODwZB,No
422,Minecraft: Bedrock Edition is the best example of a game that is so conceptually fun yet so functionally tragic,No
423,Minecraft Facts : pvp is  a things,Yes
424,Feeling really nostalgic and I wanna play Minecraft https://t.co/KemucTcCiA,No
425,Every six months I get into this phase where I play Minecraft nonstop and then I don‚Äôt touch it for the rest of the year,Yes
426,@Marquin18845963 @darknes_iz_mine @yaz28304349 @katccat @3290_4 @media_b1tches @picsreminisce Ohhh my mistake I see‚Ä¶ https://t.co/UWKndWUM13,No
427,@strangelesbian communism is just minecraft done right,No
428,@Cyruszephyr says I can‚Äôt wander off too far from him in Minecraft cuz I die too fast ü•≤,No
429,"Starting up new Hardcore #Minecraft world in just a minute!
Likely just going to run around like a chicken with its‚Ä¶ https://t.co/82gaiYwkjN",Yes
430,time for minecraft again,Yes
431,"@GaradaM2 If you have trouble launching the game post-migration, remember to use the Microsoft login option &amp; check‚Ä¶ https://t.co/F6ZSL5mCBz",No
432,are u the five nights at freddy's gf or the minecraft gf,No
433,@AoiBananAnim Minecraft version realista,No
434,@saltydkdan @SEGA @skyerocket Minecraft https://t.co/ifdUhfJXWF,No
435,Some people are better at Minecraft... https://t.co/beVpy8EFTg,No
436,@mushuroomtv minecraft,No
437,@Minecraft So what‚Äôs the new update after 1.19?,No
438,"a Military Meeting has been Made with the Following Nations attending:  Wario Farting,  Chungus,  Diamonds in Minec‚Ä¶ https://t.co/DDwKobluUQ",No
439,"@dorothea_uwu Minecraft Bedrock edition(runs better than Java)
Terraria
Stardew valley
One step from Eden
Unbeatabl‚Ä¶ https://t.co/M2qrTg6bU2",No
440,"helo im opening a minecraft server, dm me on discord to get the modpack and ip https://t.co/15vDdd6IM8",No
441,"@AndrewEusebi @ogeyyrrat @milkymilkstork @AmarisYuri No, if that was the case, Kothrix or that one girl that plays‚Ä¶ https://t.co/6puIxSs5JZ",No
442,"@clocktiez @traaa_a Minecraft is 30 bucks, its not free. To actually buy the full thing like own own etc. minecraft‚Ä¶ https://t.co/4jCgOUuYM2",No
443,@addicted2auto Can u please. Tweet over technoblade a Minecraft player and it would help his family,Yes
444,minecraft twitter stans are unwrapped,Yes
445,@GokayUnluZ Please send us an email at https://t.co/EwfQ3WywU2 and we will assist. Remember to attach your Transact‚Ä¶ https://t.co/Qu9Rne4cqF,No
446,"Hiyo~! Welcome to my new profile~

I'm Kyler, I'm gay &amp; trans :]

My pronouns are he/they~

I'm really into‚Ä¶ https://t.co/hO0dmpW35d",No
447,I wanna start playing Minecraft again lol,Yes
448,"his name is philza minecraft and he is quite old, he is married to a woman and that is interesting, technoblade has‚Ä¶ https://t.co/a4dh5QM8of",Yes
449,"Thanks for the tag @ritsu_ch0507 

Last 5 games I played:

Mahjong Soul
Umamusume Pretty Derby
Minecraft
Among Us
G‚Ä¶ https://t.co/QrrIS7ygJr",Yes
450,This is worded soo bad. I've been playing Minecraft for like 5+ hrs and i am very tired.,No
451,tap in i'm absolutely fried and about to rip some fuckin MINECRAFT https://t.co/ZdcKd91egh,No
452,I forgot I had to wake up at 7am and it's 2am and I'm playing minecraft lol gn ppl,No
453,"„ÄêMinecraft Parody„ÄëPH intro SEE YOU AGAIN 4
https://t.co/FhNGZXjc9z
#minecraft #anime #animation #game #gamer #3D‚Ä¶ https://t.co/I1LfSkIFTX",No
454,I think I finally gained my inspiration back in terms of streaming. Ima stream some Minecraft,No
455,@Soft_squishy213 @media_b1tches @picsreminisce You can't try to start an argument about minecraft with me and tell‚Ä¶ https://t.co/xd4NFchDWm,No
456,@takanashikiara Kiara questions do you know about fan fiction that hololive member write in Minecraft,No
457,@celestehurizons Did this with minecraft. I now dont know where my gamecard for mc is and im about to fuckin loose it,Yes
458,"@phnixhamsta This won't work for Minecraft's gay/female playerbase
I suggest giving them large, throbbing pe",No
459,minecraft https://t.co/eRXrNFricV,No
460,Robby and I have played Minecraft together for a total of 8 hours. After we both recover from covid we will never h‚Ä¶ https://t.co/S7xpmrdouB,Yes
461,I'm going to be a famous minecraft streamer,No
462,"Look! Rain with SEUS! Well, actually sort of. Turns out the new SEUS doesn't actually support rain yet, so I am usi‚Ä¶ https://t.co/eGqXqltfrW",No
463,I haven't gone live in a week so I'm going to live soon with some more Minecraft. Come hangout with me‚Ä¶ https://t.co/LbMJOcLytr,No
464,If I make skins can they be used in the game? #MinecraftLegends #Minecraft #minecraftskin,No
465,"i asked my brother if he wanted to play minecraft with me and he said no because he has friends üò≠üò≠üò≠
i hate kids im‚Ä¶ https://t.co/a2LF14Uk61",Yes
466,First art stream done! It was nice just getting to chill and do some art with y'all üòä Thank you to everyone who cam‚Ä¶ https://t.co/g6N2FVQGe3,Yes
467,"@MojangSupport hello, i need help i got on to play minecraft for the first time in like 4 months, i‚Äôve migrated my‚Ä¶ https://t.co/dSdrxDmDR6",Yes
468,"@DJNinjaRoblox Minecraft Zombified Piglin and Ocelot Simulator on Roblox LOL. Like, imagine.",Yes
469,"Just got a stuffed minecraft bee
Name suggestions??",Yes
470,modded minecraft superior ü•∫üíñ https://t.co/VjExIrcGAm,No
471,I just died in Minecraft lost all of my shit. Dimond sword. Enchanted iron armor. Several enchanted tools.,No
472,Rest In Peace Technoblade. Only Minecraft content creator I watch. Technoblade never dies I guess.,No
473,"me in real life: truly so wasteful, thinks money is just an object
me in minecraft: do not touch my glass. every pi‚Ä¶ https://t.co/FTeBt9QwC1",Yes
474,"hes a 7 in pictures, a 4 in real life but he rots in his bed all day ripping from his cart and playing minecraft (he is me)",Yes
475,I HATE MINING UO IN MINECRAFT AAHHH,Yes
476,Minecraft Facts : water is a 19 dollars fortnite card,Yes
477,"Got nothing better to do so playing a bit more Minecraft tonight, come stop by and chat with me!~

LIVEüî¥‚Ä¶ https://t.co/JRr2HqqWUO",No
478,@GreenKing26 @moricalliopsimp right? even after a year of watching every stream of hers since debut it's tough to t‚Ä¶ https://t.co/WRjLXLyOz7,Yes
479,@Eclogites11 never play minecraft on the wii ever again https://t.co/mzNgkft3ct,Yes
480,@bugha bugha you are invited to play minecraft with me do you accept,Yes
481,"@MetaQuestVR And now try and play games through your computer that you can ONLY play though your computer, like VR Minecraft.",No
482,Alex from Minecraft scare thrice then I will vomit!,No
483,Man I love my #minecraft special sandbox edition!,No
484,"Trying to get my game up to stream modded Minecraft but my computer hates it here :,) trying real hard",No
485,minecraft wandering trader is/are bisexual,Yes
486,@notch @aandremiless r u the notch whp made minecraftü§î,No
487,minecraft red sand transphobic,Yes
488,@gnfsjoint youtube recommended me ‚Äúminecraft but it‚Äôs confusing‚Äù,Yes
489,@mochiflxwer That was so funny lmao and I‚Äôm not kidding about the creepy music. Some creepy minecraft music started‚Ä¶ https://t.co/Rt05uSAsvk,No
490,@wowoktw minecraft on the nintendo wii,No
491,@OvOBrezzzy Playing Minecraft,Yes
492,@InnerLoud @darknes_iz_mine @yaz28304349 @katccat @3290_4 @media_b1tches @picsreminisce I'm talking about when hes‚Ä¶ https://t.co/mOYH8uvfgn,No
493,@rainekin so excited to mine minecraft and roblox w by best friend tomorrow,Yes
494,Well boys we did it I changed it (I know it's changed a lot) but I'm happy with what I've come up with.‚Ä¶ https://t.co/9KMb17qMnV,No
495,"@CreaturesAround Firstly, I am flattered, thank you :O:O
Well, I remember many years back reading articles about ch‚Ä¶ https://t.co/IML2LxclCA",Yes
496,Just started playing Minecraft again and made a hardcore world only streaming on Twitch,No
497,@ShutDown_DC minecraft,No
498,i have a bunch of dsmp merch that i‚Äôm getting rid of would any would want it? it‚Äôd be for free and i‚Äôd ship it to y‚Ä¶ https://t.co/dodmdev2Th,No
499,who wanna join minecraft java server,No
500,minecraft against fascism,No
501,"Hot take: Spawning in a desert is fun. Like it's not all right there for you. You gotta dig around more, you gotta‚Ä¶ https://t.co/TrKspTBdAe",No
502,@fakucordoba10 Sale minecraft?,No
503,minecraft twitter stans are dedicated,No
504,@MohamadImad05 @natwithaheart Lol it‚Äôs not a team skarj it‚Äôs the dream team from YouTube they like make minecraft o‚Ä¶ https://t.co/BBSiCGXK1W,No
505,@lothrazar You should all exclusively support minecraft 1.12.2 IMO,Yes
506,nothin like laying in bed watching minecraft videos on a Friday night in my 20s,Yes
507,"iFactions [1.19]: Barebones Factions Experience andamp; Server, as well as my first MC Server. We have all of the n‚Ä¶ https://t.co/5m4HVYnq1V",Yes
508,"@amzzz_06 They're doing a lot with Nintendo / Super Mario, but split between ""display"" and ""play"" kind of sets. Als‚Ä¶ https://t.co/ANNPO1JKCB",Yes
509,"if i make a Minecraft skin based on this outfit will y'all use it? genuinely asking bc I really wanna do it, in fac‚Ä¶ https://t.co/1EGmXPxvUy",No
510,David forced everyone to play a Kahoot quiz about Minecraft and Noh Varr won,Yes
511,I love bullying my friends at 1am to let me on the Minecraft server lmao,No
512,@lacunalacunalac my reactions to minecraft enforcing their moderation,No
513,Be careful what Minecraft Events you join. There has been a trend of irresponsible and unprofessional event organiz‚Ä¶ https://t.co/KvobbkBlKr,Yes
514,MINEcraft &lt;3 https://t.co/5gpcb7yQ2a,No
515,@lownchristine She's a very pretty lady! Most slimes I've met have tried to murder me. From Terraria to Minecraft. . üòÖ,No
516,what was your favorite minecraft tutorial world? mine was the huge stone castle on the water,No
517,#FridayVibes #streaming #Minecraft with #TwitchStreamers on #Xbox https://t.co/VoczfHQDHA,No
518,@MrTLexify @nostalgiaooc Minecraft Xbox 360 tutorial world for when it first came out,No
519,Top players come from the same factory as Minecraft YouTubers,No
520,anime is NOT ALLOWED on my christan minecraft server. ANYONE WHO DOES THAT WILL BE BANNED,Yes
521,@HalfbowFN nethier just the old classic edition minecraft,No
522,"I'd love to draw more characters/fanmade mobs into Minecraft screenshots, compositing them is so fun https://t.co/KxHRl9N5ei",No
523,"@USGovCrisis @HFentonMudd Laeth, my 6 year old, adores when I am not at my desk and I hook up the Oculus Quest to m‚Ä¶ https://t.co/iT8R2UF5QR",No
524,how is the minecraft soundtrack so damn beautiful,Yes
525,I've given up trying to be cool im gonna rant about minecraft redstone on bedrock now,Yes
526,@gnfsjoint I was in the corpse fandom when amongus was big and saw a stream where he played with Dream and George.‚Ä¶ https://t.co/JgU31WjjZU,No
527,@Quig That Minecraft players get immediate girl repellent,No
528,ok hold on how the fuck do i reset whats on my timeline please i haven't watched a minecraft stream in the past year,Yes
529,rip eddie munson u would have loved minecraft survival mode https://t.co/sR8p2Tkl2G,No
530,"if you play modded minecraft and you get weird rendering issues:

it's optifine. it's ALWAYS optifine. remove it. u‚Ä¶ https://t.co/y5jXlobjNr",Yes
531,Some people I saw here were sad that a person aas missing a minecraft event because they were going to a foreign co‚Ä¶ https://t.co/Zzn0POPFXU,No
532,@elevenvolcanoes like in august or smth. eveyrone was DROOLING over minecraft brutes and piglins. i swear this was a thing,No
533,@Sw1gsy YAYA!! dm me and we'll discuss minecraft,No
534,@phattsie Playing Minecraft,No
535,"Minecraft and warhammer 40k is having similar thing

Fast travel through hell.",Yes
536,@bqdtiming sale Minecraft,No
537,IM STREAMING TONIGHT!! first time playing stardew valley and then starting a hardcore world in minecraft 1.19‚Ä¶ https://t.co/S7UPhHYbxF,Yes
538,Minecraft facts : cock is yes,Yes
539,@poopyfart127 FROM MINECRAFT?!?!!!,Yes
540,perfect #Minecraft #NintendoSwitch https://t.co/6k09cTkMIX,No
541,"I'm alive... mf I barely holding on at this point :) 

Lmao. Also I'm never changing my pfp, Tech√±√∏'s stream where‚Ä¶ https://t.co/7vOmLv5YTG",Yes
542,The 10 Best Minecraft Memes https://t.co/DzmTfq6hSQ https://t.co/A5vJeGHkgq,No
543,Time for some final finishing touches on the Dukedom of Riparia before we say goodbye :( #lorelands! #minecraft‚Ä¶ https://t.co/vg4xAirUgc,Yes
544,"@MinecraftMeme16 And if, IF Minecraft ever ends they need to create an achievement/advancement Called ""the real end‚Ä¶ https://t.co/RzZRxJ70iH",No
545,"so um, thoughts? 
#minecraft #gaming https://t.co/OsaVQvrUzP",No
546,"I updated Minecraft Tweet for the first time in about a month.
Please have a look if you like!",Yes
547,@Snowiii95 Stardew Valley and Minecraft usually but I just picked up Forager and I like it so far!,Yes
548,#PCGaming #Minecraft Why my sheep :( https://t.co/Lrbm0SBQEi,Yes
549,Chill Minecraft Survival Stream! Come Vibe Out! #minecraft #twitch #fun https://t.co/9H1uvldDPo,No
550,when u wake up at 1 pm and ur spouses have built an entire minecraft wedding venue. How much can One miss in 8 hours.,Yes
551,In minecraft https://t.co/TuueOfEomh,No
552,@DayzerHusky imagine a minecraft block,No
553,How to make a Fishing Rod in¬†Minecraft https://t.co/7SmZgZg5o2,No
554,Minecraft steve,No
555,@_missingufoosh_ every year the draft happens i realize how useless to society i really am like i am 18 and just playing minecraft üòê,Yes
556,I made a simple Villager Breeder. How does it look? #Minecraft #XboxShare https://t.co/bfKtzDfjrR,No
557,I created two battleships for my three favorite captains of @WellermenNFT alongside with their gigantic monument in‚Ä¶ https://t.co/K2wxZpCYWF,No
558,"@sessabobessa so third life is a minecraft series and has 2 sequel series, traffictwt is just the subtwt. they're s‚Ä¶ https://t.co/kU7zFvx1JR",Yes
559,Minecraft Eastern Plantain-eater: Left to Tip,Yes
560,"„ÄêSumigaoka National Hospital„Äë
A large hospital where you can receive the world's most advanced medical care that Su‚Ä¶ https://t.co/dVL3I1c5Z7",No
561,my minecraft might be a little triggered https://t.co/hCFXuZH91m,No
562,minecraft twitter stans are inoffensive,Yes
563,"@kl_bone *blinks*

...um... what the fuck!? That's not a review! that's literally being an uptight brat wanting eve‚Ä¶ https://t.co/pyS9Xj9QPQ",No
564,"Brain went from ""Horny"" to ""I wonder if this would work on the mc world..."" And now I'm back at Minecraft",Yes
565,How to Breed Frogs in¬†Minecraft https://t.co/IZixuubsxI,Yes
566,Anyone Know Any Cool Plugins? I Could Use Some For My Server! Also Looking For Builders!   #Minecraft,Yes
567,Minecraft:https://t.co/zyYS2b39HJ:Appstore for Android https://t.co/vNyo8HjfPc @amazon„Çà„Çä,No
568,@maqicant I mean people go out and get fucked up drinking in the weekend so what's 8h of minecraft compared to that,Yes
569,@garnethusky takes out my minecraft shears,No
570,@rotip309 @sharkifan @soomlarr The minecraft bee is trans,Yes
571,"Postcard #482 - Path suspended above a chasm.
#Minecraft https://t.co/dhUcpyEqne",Yes
572,The Boys SMP coming soon! More details coming soon in my return video  #minecraft https://t.co/47Z8Tin7tN,No
573,"If I ever play Minecraft again, I'll probably be stuck playin 1.19.0 because this new version kinda sucks",No
574,"I like towers that look a little far away.
Location: Taken from the residential area in the northern part of Sumiga‚Ä¶ https://t.co/7l4ETpShn7",No
575,mood parcours minecraft sur fond de subreddit,No
576,there's less mines in Minecraft üôÜüèæ‚Äç‚ôÄÔ∏è,No
577,"You cannot say the word ""NIGHT"" anymore in Minecraft. It's banned. https://t.co/pxCaGqLyVG via @YouTube",No
578,"Thank you for the tag Nocturne!!

things i want to stream:

üê® Minecraft
üê® Poppy‚Äôs playtime (both of them)
üê®Overwatc‚Ä¶ https://t.co/ycNu88P9km",No
579,@VIPlaylistPod Minecraft?,No
580,minecraft is lovely,No
581,@SamOvens123 Worlds are attached to the devices themselves and in no way attached to your account. I'm afraid if yo‚Ä¶ https://t.co/z7pliOa1TD,No
582,this is my new goal to get more bears in minecraft,No
583,"my coffee house
#Minecraftbuilds #Minecraft #MinecraftËªç‰∫ãÈÉ® #Tutorials #Building #YouTuber https://t.co/B7ItwqrhRa",No
584,"playing minecraft again YIPPEE
https://t.co/3d5OaQgb71
#twitch #twitchstreamer #smallstreamer",No
585,"jual minecraft ios ipad game pro lifetime 20k 

free 3x update, payment dana ovo gopay bni spay qris pulsa tsel+10k‚Ä¶ https://t.co/zpgEWvxlY4",No
586,"The joys of cave life

 #Minecraft https://t.co/0UrY8ot3zS",Yes
587,@Mojang will fireflies ever come in upcoming versions of minecraft? I was so excited for them,Yes
588,why are most transfem i know who play minecraft pack makers,Yes
589,"@tboyfres Oh..I guess new normal updates then? :'D and Since survivalcraft centers on nature and wildlife, I think‚Ä¶ https://t.co/s1UzYauNE7",Yes
590,In minecraft,No
591,Minecraft Facts : yes is  gay,Yes
592,Imagine not witnessing these minecraft visuals. https://t.co/5Y5vmURT8v,No
593,"Hey guys, SethBling here, today I created Minecraft inside of Minecraft using only 0.5 A presses.",No
594,every time i die to an oro unblockable loop i sigh with a smile on my face knowing ill never have to fight steve fr‚Ä¶ https://t.co/iyZUilZWXZ,Yes
595,@AlexIsPlayingMC Please send us an email at https://t.co/LTiOcIDyll and we will assist. Remember to attach your Tra‚Ä¶ https://t.co/t2U5pHTUvj,No
596,@the_lillz I want to play Minecraft and find frogs. Where are the frogs?!,Yes
597,"[Mt.Yama Tunnel]
The only land route connecting the Republic of Sumigaoka and the Republic of Mizuma.
Army and poli‚Ä¶ https://t.co/3zk8DK4O6A",Yes
598,my only goal ever in minecraft is to collect all the different colored birds in the jungle,No
599,"Did okay tonight on stream! Had the help of Vampie, Phoenix and Aguastas to start forming things! #Minecraft‚Ä¶ https://t.co/msWIussKHt",Yes
600,we are live on youtube playing BGMI come support #bgmilive  #bgmi #pubg https://t.co/fLnZpwHmWI,No
601,There's nothing like bringing the grizzled PUBG squad into @FallGuysGame and hearing them get more heated here ü§£,No
602,playing pubg by myself bc spencer doesn‚Äôt like me ‚òπÔ∏è,No
603,My internet died as soon as i opened fortnite and bought a new emote... is this a sign? What do i do with my life now? Pubg mobile?,No
604,PUBG Battle Time  https://t.co/bSFUlvO79J,No
605,Even in those days revealing the veil of pubg was BLAXFEMY? https://t.co/eBsTsOK6tt,Yes
606,@ImtiazMadmood Even in those days revealing the veil of pubg was BLAXFEMY?,Yes
607,Trying to play PUBG but the game keeps crashing on me while loading whatever map I'm on is such a PUBG thing,No
608,@PUBGMOBILE Give me 10k icon pubg mobile https://t.co/17uucVNdzP,No
609,@itsDontai playing pubg till I have to leave,Yes
610,PUBG: Possess Unnecessary Boniface Grease,Yes
611,"PUBG Mobile 0.11 UPDATE! What's NEW? Snow, New Weapon, New Vehicle and MORE! | #PubgMobileBetaNews #pubgMobile0.11‚Ä¶ https://t.co/UKJKKVWiNh",No
612,"ü§Ø You won‚Äôt believe this! A SCEPTIC'S GUIDE TO MAGIC CD KEY 
by DIGICODES ‚è© https://t.co/K7LU1F7VJb #pubg #fortnite‚Ä¶ https://t.co/r5SVv7W5hU",No
613,"[#PUBG] Battlegrounds Smash Cup Season 7

The first tournament of the second half of the year, the BSC Season 7 wil‚Ä¶ https://t.co/R3ZftrznpX",Yes
614,"Havn't hit up @fREQUENCYCS to optimize my PC so my pubg still runs like absolute hot garbage!

Don't be an idiot li‚Ä¶ https://t.co/SQ2sGZfwDu",No
615,IM LIVE NOW ON TWITCH! PLAYING AND WINNING! COME WATCH! #LIVE #TWITCH #PUBG https://t.co/L7bLi5EHpB,No
616,"Golden age of PUBG:
- Erangel was the only map
- Millions of concurrent players
- No bots
- Whole lot of fun

Miss‚Ä¶ https://t.co/Ry7xD8MjCL",No
617,@iamfilotastic @lenalemon_ Always :^),Yes
618,PUBG: Poison Ultrasonics Buttress Grandnesses,No
619,pubgüíÄ still taking it ig https://t.co/u23fTJUNSP,No
620,"Wait is that true? pubg said "" Blackpink will release something on July 13"" üò≠üò≠üò≠üò≠",Yes
621,desk power in the local college https://t.co/ZbwnMoLFm8  #gaming #news #gamer #australia #gamers #love #esports‚Ä¶ https://t.co/m1K06wPl3l,No
622,"@PUBGMobileLite Please ban hackers,s12k and RPG in pubg mobile lite",No
623,Check out my broadcast from my PlayStation 4! #PS4live (PUBG: BATTLEGROUNDS)  live at https://t.co/E0mVUBBXI8,No
624,"Royal Butterflywallpaper pubg mobile
If you want to download free wallpaper visit my website:‚Ä¶ https://t.co/lFFWkcU45e",No
625,@GIRL0VESICK I think we'll get a comebacm teaser (or something about the comeback) on Monday üëÄü´£ and then something‚Ä¶ https://t.co/OzAsreDN6z,Yes
626,PUBG: Passion Uncertainty Boilerplate Gallinipper,No
627,Starting #BGE Season 4 off strong in 5th place after day 1üí™ #ss #PUBG https://t.co/JskUM8oHMy,No
628,"Come to Pool Party and play music in PUBG MOBILE, get the valuable reward! https://t.co/V86v973yXJ https://t.co/wCBWo27IGO",No
629,@PUBG  hello i am very much disappointed in you guys yesterday before the server issue I got a white permanent kitt‚Ä¶ https://t.co/bBJpI738ze,No
630,@DonarioDonaled @CthuhluRisen This is pubg lol,No
631,@PUBG_US @WhoBuiltTheArk_ Reminder that it's July now,No
632,"@Ieesemo I did, cutie, have you? I usually play PUBG or homescapes with the members. What about you?",No
633,@PUBG_US Another reminder that it's July now,No
634,@Blissey_PUBG @lenalemon_ Are you also watching anime? We're weeb team now,No
635,@HEEJIINA Well.. I actually play a lot but to mention few then I'll go with PUBG or homescapes. What about you?,Yes
636,@oi9o__ ŸáŸáŸáŸáŸáŸáŸáŸá Pubg down,Yes
637,Pain. My hard drive with all my hundreds of hours of #PUBG content suddenly became inaccessible. Trying to recover‚Ä¶ https://t.co/O4JGSDnSLb,No
638,@AlexGLogics @Luminosity You should consider picking up our PUBG team. We're going big in OCE.,No
639,@ptpran that man spends his free time playing pubg u sure about that,No
640,PUBG: Postwar Unquiet Briefing Grandnieces,Yes
641,"@yotsuha_pubg Ohh, ü§Øü§Øü§ØüòØüòØüò≥üò≥üò≥ so much thanksüôèüåπ‚ù§ youü•∞",Yes
642,"@chaestheticrs Let's face it, rfl is most prolly pre release as pubg bought its playing rights",No
643,@UchihaDTanmoy I'll give you everything!üçÄ,No
644,@chuti_kro start play PUBG  get well soon üòÅüòÅ,No
645,"when jaemin spent all his money just to purchase a pink gun, he doesn't care if his pubg character get naked or wha‚Ä¶ https://t.co/k3sKxKLe7e",Yes
646,@wootware Getting pretty close to 6000 hours on PUBG üòÖ,Yes
647,"i deleted minecraft, pubg and among us mid concert bc of storage",No
648,"DUDE GOT SMOKED OUT THE GLIDER! üí®üí®

#PUBG #PubgClips https://t.co/DPtjn3ot2b",No
649,"@renaissanceeart Twitter:üòÖüòÖüòÖüòÖ
Insta:üòÖüòÖüòÖüòÖ
WhatsApp:üòÖüòÖüòÖüòÖ
Fb:üòÖüòÖüòÖüòÖ
Snapchat:üòÖüòÖüòÖüòÖ
Pubg:üòÖüòÖüòÖüòÖ",No
650,@PUBG Love landing at concert!,No
651,Idea: the level design of PUBG with the UI of Prey,No
652,@pubg_03y @moi72398987 ùëá‚Ñéùëéùëõùëò ùë¶ùëúùë¢Ôºé,No
653,"@PUBG_blacklist This GIF thoüòÇüòÇüòÇüòÇ. Thank you, B! üñ§",Yes
654,"It's just a bad day 
                       Not a bad life https://t.co/KmAQsS9U1F",Yes
655,@meechie0202 That spray tho üòç https://t.co/LHmKL11opI,Yes
656,Going to play pubg...,No
657,"Check out this product üòç PATCHWORK CD KEY üòç  #digicodes #pubg #fortnite #genshin #genshinimpact
by DIGICODES. Shop‚Ä¶ https://t.co/4vceptP9uW",No
658,TOP UP UC PUBG,No
659,"The new PUBG map Deston had me missing CoD Blackout so much. 

Feels like a lot of inspiration for Arena, Lodge and‚Ä¶ https://t.co/rwHyRnPe7w",No
660,@thymeraa Uninstall pubg,No
661,#youtube TREINO AO VIVO + GAMEPLAY PUBG MOBILE LIVE ON https://t.co/WSrsDM96ki,No
662,@YouTubeGaming @LilyPichu You tube subscribe vishnu mittal pubg channel subscribe,No
663,@TwitchCon @Twitch @maiberryart You tube subscribe vishnu mittal pubg channel subscribe,No
664,@LilyPichu @michaelreeves You tube subscribe vishnu mittal pubg channel subscribe,No
665,"https://t.co/7DwZR1nuur

Logically
XSX derived from X1X
PS5 from ps4pro

New Mode 
Xbox Series X
60fps/4K resolutio‚Ä¶ https://t.co/xniSv9F0Ps",No
666,PUBG: Pirate Unrealistic Bewhiskered Gardenia,No
667,I would‚Äôve left right then when this stupid rule was made. Console PUBG comp not going anywhere anytime soon with c‚Ä¶ https://t.co/sQseIlkURo,Yes
668,War in School Apartments - STAR ANONYMOUS - Pubg Mobile  https://t.co/XwDIxaQwTS #PUBG,No
669,You want console PUBG to grow and be a bigger level of esports but you make a rule for the top team to stop winning‚Ä¶ https://t.co/2gqlt5ox8l,No
670,@N_____PUBG Very nice,No
671,"PUBG Update Adds New PS5, Xbox Series X Graphics Options https://t.co/wN7m3wsgdv 
Advertising

For those who play P‚Ä¶ https://t.co/wP61twTxvq",No
672,"MoneyJosh93 now streaming on Twitch! Playing F1 22 https://t.co/wHj7mfU2Cb 
#houston #gamer #gaming #game #games‚Ä¶ https://t.co/14xSzGQWh5",No
673,I seek an update regarding gaming settings like in BattlegroundsmobileIndia/PUBG Mobile there an option to increase‚Ä¶ https://t.co/z2VM4j2JVv,No
674,@CollegeBaljeet NO shot you stillpla PUBG when we dropping together,Yes
675,#TATTERR is now streaming #PUBG: BATTLEGROUNDS https://t.co/QdEbc6Chb2 #twitch #Streamer #videogames #gaming #entertainment #twitter,No
676,I'm now live playing PUBG: BATTLEGROUNDS over on Twitch: https://t.co/AzZOYdCXQK üéÆ,No
677,@CollegeBaljeet miss the days where everyone was playing pubg can't find anyone to play with anymore,Yes
678,Been supporting this man since his PUBG days ahhhh,Yes
679,PUBG: Phoenix Urgency Bicentenary Granolithic,Yes
680,"""PUBG Wallpaper Engine Illustration"" by Hey-SUISUI https://t.co/7NSK68M669

Gear up here ==&gt;‚Ä¶ https://t.co/GTdeoxddR6",No
681,"Aitzy 2v1 2v1 to get chicken
 
https://t.co/vcOB3nHw9H
 
#PLAYERUNKNOWNSBATTLEGROUNDS #Pubg https://t.co/VOI3FxJe2g",Yes
682,Me controlling myself not to download PUBG again........ https://t.co/gAmLHw0WYh,No
683,"Available for today:
 :‚Äå‚ûõ garena shells, ml dias, valo pts, genesis crystals welkin, pubg uc, lifeafter credits, et‚Ä¶ https://t.co/RmoTDlaYvn",Yes
684,[ i have wonder why do my internet didn't ran smoothly. and i just realise i have one wishlist download on steam..‚Ä¶ https://t.co/fJSFY5jo6S,No
685,"Just went live, we gon' be flickin' and clickin' tonight, come come! üß°

#SimplyMatthias #PUBG #PUBGclips https://t.co/zu65Y9LEOo",No
686,PUBG: Player Unsuspected Benefaction Gigabyte,No
687,"Comparison of gel blaster power between MP9 and AUG
#gelgun #gelblaster #speedqb #gelsoft #toygun #Shotgun #gun‚Ä¶ https://t.co/EKNnKysWMi",Yes
688,"My personal GOTYs 

2012 - Jorney
2013 - GTA V
2014 - Shadow of Mordor
2015 - Bloodborne
2016 - Titanfall2
2017 - P‚Ä¶ https://t.co/XhvDMHIiKe",No
689,@uzair_fly I bought a pc after watching this guy and doc play pubg ‚Ä¶ never seen him bad or even avg at any vid game‚Ä¶ https://t.co/17wA1BqyiM,Yes
690,"I am noob playerü§Ø„Éº„Éº„Éºüî´
#PUBG  #PUBG_MOBILE https://t.co/SVLC4rTNxj",No
691,It is #PUBG time once again! Stream starts soon! #smallstreamers #twitch #twitchstreamer #XboxSeriesX https://t.co/L6NZ341RO3,No
692,"@Ninja Fond memories of the PUBG Ninja, but you know I've been hyping the success ever since :)",Yes
693,"üè∑Paypal, cliqq and load to gcash trades. Discounted gaming credits; codmpoints/gshells, valorant points, genshin cr‚Ä¶ https://t.co/2zHYnxJbJM",No
694,PUBG: Pretty Underwriter Bacteriocin Gallbladder,Yes
695,Friday huh | PUBG Squads https://t.co/crAaDzSiiA,Yes
696,"em i dead or not
 
https://t.co/cWwCqd8zrz
 
#PLAYERUNKNOWNSBATTLEGROUNDS #PLAYERUNKNOWNSBATTLEGROUNDSMobile #Pubg‚Ä¶ https://t.co/01DEdZdpHA",No
697,@kilimanjarious @PUBG_US @PUBG @PUBG_Support @Draco4EVR @Gods_Illest @jordanINtampa @dreamsynetv @ging3rvituz‚Ä¶ https://t.co/vs7HRZXsqT,No
698,"üéØCrazy deal! Don‚Äôt miss out!üéØ
üí•LEGENDS OF EISENWALD CD KEY by {VENDOR_NAME #digicodes #pubg #fortnite #genshin‚Ä¶ https://t.co/RtarhC9so1",No
699,Back on Pubg (seriesx) https://t.co/NVWAhdeLsr,No
700,Which is better pubg or new state,No
701,"Creative work feeds the soul. So feed your creativity.
#gaminglogo #mascotlogo #gaming #logo #logodesigner‚Ä¶ https://t.co/pcH3p6BTgz",No
702,@AK___ff I think pubg and wcc2,No
703,@RIANvisual_ @Metalhead_Once @LaMikeBlack @PapaPescado18 @SorasHeartless @Thalmane_ @DilluminatiTV @raptorilizu‚Ä¶ https://t.co/qj7DRtjX1v,No
704,@RT3Aisha Only PUBG game install,No
705,downloaded pubg into my kindle fire im full ipad baby mode,No
706,@jordanINtampa @Blitz5 @PUBG_US Flipping awesome,No
707,PUBG: Plague Uninitiated Burglarizes Genotype,No
708,READY FOR LOVE (PUBG VER.) üòç https://t.co/dyi2AJIIBl,No
709,"*someone saved you from being killed*

pubg bgm: https://t.co/DVhekzkrKt",No
710,"BGMI Masters Series Week 3 Finals Day 1 Overall Ranking

Top 3 Teams Are:

OR eSprots
Team GodLike
Enigma Gaming‚Ä¶ https://t.co/QEnOI0NOkY",No
711,@hirayumo ohhhhh pubg is kewl but i wanna try valo !!,No
712,"Customer: ""what do you mean by fire hazard?"" https://t.co/mY6xkUE51V  #gaming #news #gamer #australia #gamers #love‚Ä¶ https://t.co/oMHtAORgKz",No
713,@Metalhead_Once @RIANvisual_ @LaMikeBlack @PapaPescado18 @SorasHeartless @Thalmane_ @DilluminatiTV @raptorilizu‚Ä¶ https://t.co/HW6RsJxqa6,No
714,@kaedeharakiddo yeah but i quit and started playing pubg instead lmaoooo,No
715,Complete PUBG MOBILE Return Missions! Collect a permanent epic outfit for free! My invitation code: 2LDP7YO‚Ä¶ https://t.co/OAYXUOqXSM,Yes
716,"Pubg Full HD Wallpaper for PC &amp; Laptop. Pubg Wallpapers &amp; Backgrounds For FREE - Pubg Wallpapers 1080P, HD, 4K Free‚Ä¶ https://t.co/6HTK6CoHRv",No
717,@isthtmus I have breakup then I am kill 11in pubgü§£ü§£ü§£ü§£ü§£,No
718,Yeah. I think I am going to drink and stream #PUBG this is happening.,Yes
719,Checked my email today and saw this.  PUBG Partner!!! Can't wait for what the future holds! #pubg #pubgpartner https://t.co/oOBmI6BpER,No
720,Where's my all friends.....??????????ü§¨üò† #PUBG #bgmidown #bgmi @PUBG @PUBGMOBILE @PUBG_Support @BgmiDev @BgmiDev https://t.co/SG60WvqFtH,Yes
721,The Night Time is the Right Time | #MN #TRIPPY #PUBG #TWITCH #TV #STREAMER #LIVE #TRIP https://t.co/W4EpR7ylqR,No
722,@solonsparks Omg SHROUD he's so cute parin I used to watch his pubg vids before ü§£,No
723,PUBG: Portray Unorganized Backcountry Gnatcatcher,Yes
724,"Oh no you won't
 
https://t.co/oLEJOQOpnI
 
#Console #PLAYERUNKNOWNSBATTLEGROUNDS‚Ä¶ https://t.co/ysSbctAWp5",Yes
725,Live now! Come hang out with the squadron and support ü´∂üü£ https://t.co/7DiqLWG5yl #twitch #TwitchAffliate‚Ä¶ https://t.co/Gkste9uOgj,No
726,The #PUBGG-Loot S 5 - Super Weekend for @PUBGEsports - DAY 2 - Don't miss the action starting @ 9pm PST on ESTV or‚Ä¶ https://t.co/Vs3nXQyW9P,Yes
727,Here we go again! #PubG Customs Krew! Where you at?  #Twitch #Monstercat #EDM https://t.co/D5JWr1rMlO,No
728,@MustangEdits_HD @DieFirstDylan @PUBG @Falcon82_ttv @Fatty_Fatty2x4 @MajorPaayne Your right,No
729,"Frantic Friday PUBG Lets goooooo!!! Stop and chat!!! 
https://t.co/uS2T3XNpXO
Music : https://t.co/pOCofrS0Rt
New h‚Ä¶ https://t.co/9xxSXB2lJu",Yes
730,"The singing UMP queen of the battlegrounds is BACK &amp; she is HARDWIRED IN!!

@Candy_Bear_5 of @zzgamers is LIVE on T‚Ä¶ https://t.co/klyQMHKhvf",No
731,"@Gyldss @DieFirstDylan @PUBG @Falcon82_ttv @Fatty_Fatty2x4 @MajorPaayne You dont need to be toxic, this is a great‚Ä¶ https://t.co/v0myVQFc0F",No
732,@Gyldss @PUBG @Falcon82_ttv @MustangEdits_HD @Fatty_Fatty2x4 @MajorPaayne Yeah I guess.. and who are you??,No
733,PUBG: Picked Urine Burglarizes Ghouls,No
734,Welcome to pubg,No
735,"Aaaah I've missed PUBG, so much has changed https://t.co/IXzdk6qwZY",No
736,Trying Out PUBG https://t.co/5sNz0FfhAc,No
737,@mononofu_pubg Yes!Íô¨Íô≥,No
738,Elden Ring Players Are Killing Online Victims With Invisible Projectiles https://t.co/wBtA6bDR8l  #gaming #news‚Ä¶ https://t.co/olQ4ozHADq,No
739,@_IDumpYourAss He can pubg with my butt cheeks go get the mail smelly &lt;3,No
740,Only the best Midg3t to ever play PUBG on Xbox just went live! https://t.co/6THP3lVDKm,Yes
741,Guess I‚Äôm getting pubg again ü•≤ https://t.co/tyeLQCL2qD,No
742,"Despite our best efforts (the best teamkill EVER in competitive PUBG) we could not keep Jord3nnn away. 
Welcome abo‚Ä¶ https://t.co/coacAHdsPU",No
743,"I can finally say:

I‚Äôve been killed by the best! 

#PUBG #HowYaDoin https://t.co/9vrpHBtQnP",No
744,PUBG: Pirate Unloved Beardtongue Goof,No
745,"#Pubg with @itsmezzi420 let‚Äôs see if we survive.
https://t.co/B8JT7sZaFQ
#smallstreamer",No
746,Complete PUBG MOBILE Return Missions! Collect a permanent epic outfit for free! My invitation code: 2E5V3RK‚Ä¶ https://t.co/k4c8KZDPYL,Yes
747,"‚ÅâÔ∏èCAN YOU BELIEVE IT‚ÅâÔ∏è
WARHAMMER: END TIMES - VERMINTIDE - THE OUTSIDER DLC CD KEY by DIGICODES
üëâ Shop the range he‚Ä¶ https://t.co/H14aleSpB5",No
748,@zerosum24 *Larpers in PUBG IRL edition,No
749,@ivas10PUBG @glootesports Cracked,No
750,The name of this cash register system is a bit too on the nose. https://t.co/G0Ah4RbDk7  #gaming #news #gamer‚Ä¶ https://t.co/3w6FAOLICM,No
751,"@PendulumsDemise @SMITEGame Ngl, thought it would be like PUBG where it‚Äôs included when you download the game",No
752,@audchav @PUBG_US @PUBGEsports @303esports Congratulations üéä üëè,No
753,embarrassing. crazy that they doing what pubg did. never should mobile have exclusive shit over the main games. fuc‚Ä¶ https://t.co/lOjUCoBfnX,No
754,Nowadays mfs be 16 and murder their moms for not letting them play pubg https://t.co/mpR1uRHoSG,No
755,ü™Ç#Pubg Mobile Lite Funny video #M416 vs S12k üî•Full¬†Comedyü§™ https://t.co/8ey8sL4hlK,No
756,#ModernWarfare Multiplayer w/ @BloodyRapala &amp; @BlodSilhouette  Say hi in chat! https://t.co/M6PwHWjFMn  #xbox‚Ä¶ https://t.co/Qz6MwtJ87f,No
757,@PUBG Will this new map be available on the console test servers?,Yes
758,@ShiroVtbr Probably play some Black desert or PUBG this weekend,No
759,"/yanyan2a1o_ad :O Bo Huai playing pubg bc Jian Songyi offered uniform?

tbh I think the novel version was cuter &gt;.&lt;‚Ä¶ https://t.co/dArroI0IUM",No
760,Im testing something right now at https://t.co/T3DHnJ5okV to see if I completely fixed #PUBG desync.  So far its promising.,No
761,"üî¥ LIVE STREAM! üî¥

PUBG vehicles are so much dang fun

Let's have some more Deston fun, come come https://t.co/oAseEqboRD",No
762,Pubg Mobile Lite Funny New Shot ü§£ #short #pubgmobile #youtubeshorts #viral #rahul_bhai¬†#status https://t.co/7nTIogKfPH,No
763,@AYAPIPI_PUBG Your most welcome prettyüòç‚ú®‚ù§,Yes
764,PUBG: Porter Unscrew Brainteaser Gingerly,No
765,Probs the only mk12 clip you will see from me üòÇ #PUBG #TikTok https://t.co/M7c7NIaZAR,No
766,@MobileMayhemGG @PlayCODMobile @PUBGMOBILE PUBG always,No
767,@RogersHelps Can't wait to play pubg again... clearly im addicted to games because one day I stayed without wifi an‚Ä¶ https://t.co/bUeFcRo3PB,No
768,PUBG X BLACKPINK this month or nah?,No
769,"AVAILABLE FOR TODAY! ‚ô•Ô∏éÀéÀäÀó
Íí∞ 7/09/22 Íí±

‚úé . . valorant points, garena shells, lol wildcores, robux, pubg uc, genshi‚Ä¶ https://t.co/pHNI3YwBsP",Yes
770,I need friends who play #PUBG,Yes
771,PUBG Mobile Lite Redeem Codes Today 9 July 2022 100%¬†Working https://t.co/JmdTqDGdNP,No
772,POWER IS BACK ON! #ModernWarfare Multiplayer w/ @BloodyRapala https://t.co/4urDuEUK8s  #xbox #pcgaming #gamer‚Ä¶ https://t.co/VwA9QOtcDs,No
773,"@jackfrags @PUBG @PUBG_EU @YouTubeGaming So, yes....game looks like a hoot. BUT....That Pennywise impersonation is‚Ä¶ https://t.co/WEyBOu5Y2F",No
774,Pubg. Mother fucker,Yes
775,PUBG: Passage Undersigned Birthing Gravelly,No
776,@ltrixxiee Is This PUBG?,No
777,@AlmightyPatty UI looks like scuffed pubg lobby. Gameplay looks like scuffed Sea of Thieves,No
778,"wts lfb ph selling namecheap keepsolid windscribe vyprvpn nord seed4me cyberghost
express vpn hma surfshark vpn mob‚Ä¶ https://t.co/NsdpyiFArE",No
779,"FallGuys tonight with the boys! Maybe some PUBG later!
Live on Trovo and Twitch!
#PUBG 
#FallGuys 
#smallstreamer‚Ä¶ https://t.co/mPpKjK608G",Yes
780,@UchihaDTanmoy Thank youüòö,No
781,@h0usel Brooo lol that was clean lol...i miss PUBG,No
782,@SidduOfficial Hi bro‚Ä¶How are you ??? Gurtupattava??? Once upon a time PUBG USA friend‚Ä¶DM me,Yes
783,PUBG: Product Unwound Battle Grainfields,No
784,"WE'RE LIVE out here on @twitch playing #PubG
come SMASH that follow button https://t.co/9WYdEUamGj",No
785,18+ smoke sesh Fortnite and PUBG tonight https://t.co/SGseNwn1Bp,No
786,"Live now 
.
PUBG customs. Come play. #PUBG #dep #afterdark 
.
https://t.co/dJHjbGD9fu https://t.co/ZWq35mGhxX",No
787,"Are you excited for the PUBG competition?ü§© 

Set your Clocks for the event! üïò 
üóìÔ∏è  Date- 9/07/2022
‚è∞  Time- 10 PM (‚Ä¶ https://t.co/E2sKY8pDrw",No
788,"üí∞ Looking for a steal? RAD CD KEY
üëâ Product by DIGICODES üëà #digicodes #pubg #fortnite #genshin #genshinimpact
 Grab‚Ä¶ https://t.co/3dYNcagacm",Yes
789,"@AYAPIPI_PUBG So ü•∞prettyüòç‚ú®‚ù§, have a safe journey‚úàÔ∏è",Yes
790,when is pubg x ready for love gonna be released?,No
791,PUBG√óBLACKPINK content coming soon üëÄ https://t.co/HyczQhEWuJ,No
792,Lobby‚Äôs open let‚Äôs play some Pubg #LSDR https://t.co/sWTVcpXmWC,No
793,„ÄêPUBG: BATTLEGROUNDS„ÄëHighlight by BYAKKOsy 2022.7.9 https://t.co/fuWf0VwVwn @YouTube„Çà„Çä,No
794,Been playing pubg for years and never really been in any comps except the pubg console league where I got 3rd in a‚Ä¶ https://t.co/dzkKF8pVpF,Yes
795,"Once more into #Deston! Checking out more of the NEW #PUBG map.

https://t.co/dPnu1LARmo https://t.co/nb6mvpQstY",No
796,üëç on @YouTube: Free Fire Vs Pubg (Bgmi) YouTubers Top 3 Super Bikes üò≤ #shorts #short https://t.co/10ai2qbJAW,No
797,"2022/07/09 01:23 [PUBG 2nite #crypto #COA]
I am streaming PUBG on NimoTV, come and play with me!  https://t.co/HFUdJJIjjk",No
798,@kilimanjarious @PUBG_US @PUBG @PUBG_Support @Draco4EVR @jordanINtampa @dreamsynetv @ging3rvituz @JerGameWorld‚Ä¶ https://t.co/cvAmm7ovI8,No
799,@1beardedwarrior @RolliPPotamus @Falcon82_ttv @Fatty_Fatty2x4 @DieFirstDylan @Froddoyo @MappelzOfficial @PUBG_US Im not the only one üò§üòÇüòÇüòÇ,No
800,PUBG: Peptide Unfavorable Bladderwort Grandmother,No
801,little weekend gaming. Startin off with some GTFO and seein where the evening takes us. Probably PUBG.‚Ä¶ https://t.co/9EnJzLMD3q,No
802,PUBG is  The Stanley Parable for british people,Yes
803,VICTOR FUNNY PUBG MOBILE VIDEO #pubg #pubgmobile #pubgmobilelite #pubgm #fms¬†#fortniteclips https://t.co/BegP05cv0T,No
804,@yotsuha_pubg I üòÖhave just 1 https://t.co/XG1LGECXxn,Yes
805,@MustangEdits_HD @RolliPPotamus @Falcon82_ttv @Fatty_Fatty2x4 @DieFirstDylan @Froddoyo @MappelzOfficial @PUBG_US I‚Ä¶ https://t.co/29iMHW6Hn0,No
806,PUBG Mobile 2.1 update will have many great things. I‚Äôm most interested in the AMR airdrop DMR and night mode returns!,No
807,playing pubg while waiting... https://t.co/nA5sk0Kcqm,No
808,https://t.co/hwI280xivk @TwitchStreamTTV @SupStreamers @streamerwall @FollowStreams @MixerRetweet @RetweetMixer‚Ä¶ https://t.co/qbqjRxADDo,No
809,"@elonmusk Then Play PUBG
It gives you FUNüëçüëç",No
810,https://t.co/jgNmmixH5s @Twitwatchtv @SmallStreamersR @shoutrts @shoutgamers @FEAR_RTs @SGH_RTs @StreamerNetwork‚Ä¶ https://t.co/eyAOkhQHV5,No
811,PUBG: Profit Unknown's Big B's Grandstands,No
812,Come join us in PUBG MOBILE! https://t.co/UUDOudgT2o https://t.co/SqCnY3cquy,No
813,"Getting ridiculously involved tonight

Squads with the boys 

Drop your coat and grab your toes, I'm gonna show you‚Ä¶ https://t.co/5WRCP0JBCd",Yes
814,I'm #streaming PUBG: BATTLEGROUNDS at https://t.co/SedAuzUio0 Come hang out!,No
815,Man its hard to get the hands going again in pubg after a month away. ü§£,No
816,"Project ""Ikebana"", artistic shots! https://t.co/RNVAxL6rnz  #gaming #news #gamer #australia #gamers #love #esports‚Ä¶ https://t.co/IjyoQ6bmU8",No
817,Gas Can Fires in top 10 on my damage per weapon lmao #fyp #foryou #foryoupage #live #twitch #streamer #meme #gamer‚Ä¶ https://t.co/zALqe8hmeD,No
818,"Gonna be messing around in Pubg tonight
https://t.co/CcVvWt9Vhy
@TwitchRetweetr @TwitchReTweets 
@TwitchTVGaming‚Ä¶ https://t.co/VCqg4VSyvZ",Yes
819,"Its Friday! Who wants to come carry me in PUBG?

Live at https://t.co/pO6Aevjenf",Yes
820,Did you know ? Final Fantasy 2000 was originally a sequel to PUBG silver version.,Yes
821,@Voidex51 @SurvivorNumber1 Your talking r6 not pubg man that's the problem,No
822,"@KaleiRenay I‚Äôm about to be pro at CoD, Valorant, Fortnite, Apex, PUBG, and everything else just so I can get denie‚Ä¶ https://t.co/1PqT1mea0l",Yes
823,"&gt;&gt; Shop is now open! Available today:

‚Ä¢ garena shells
‚Ä¢ ml dias
‚Ä¢ valorant points 
‚Ä¢ genesis crystals
‚Ä¢ pubg uc
‚Ä¢‚Ä¶ https://t.co/FXVB1a2rmY",Yes
824,"@SKSTHAKURTEC @kumr_prashant @faradion_uk @wadhwa üáÆüá≥ totally survives on üá®üá≥   

90% daily use items we use coming f‚Ä¶ https://t.co/3EQcjBT2GL",No
825,"üìåLive Vibes on DESTON üéØ 

https://t.co/zm70u9DPEM
#pubg #twitch #gaming #pc #noli",No
826,Make sure your internet isn't bottle-necking your PC https://t.co/8CP6cAHK18  #gaming #news #gamer #australia‚Ä¶ https://t.co/WqnoXAhG4h,No
827,@PUBG_US @PUBG_Support are you aware of a major crashing issue right now?? Many of my friends including me are havi‚Ä¶ https://t.co/sI1btlSTc3,No
828,"We are SHREDDING tonight!! come see this slaughter https://t.co/3CwjsUdcw8

#pubg #killingspree #console #notpartner #kansascity",Yes
829,Anybody play pubg I need a new squad man ü§î,No
830,trying to play pubg,No
831,"@ZanyLS_ Overwatch 1 or 2
PUBG if you want very difficult gunplay, but movement sucks super hard.
BFV if you're bor‚Ä¶ https://t.co/Ihmonz7xRM",Yes
832,Luckiest shot ever.@PUBG  #PUBG https://t.co/TFZ82GuG84,Yes
833,@UKN_GG @playrust @Gribblzz1 @Inn8PUBG @RichyB_PUBG you damn shitters,No
834,"I‚Äôm looking for contract work that isn‚Äôt PUBG related for once lol, and EVERYTHING I keep getting offered is crypto‚Ä¶ https://t.co/CgFRE6qYbC",No
835,@facebook @Shordie_Shordie @wetheculture @facebook @instagram @Meta Hello Sir Help me Not my account ID uhq52715 my‚Ä¶ https://t.co/bUeaZAY86L,No
836,"ü§Ø You won‚Äôt believe this! AMPU-TEA CD KEY 
by DIGICODES ‚è© https://t.co/putacURW0Z #pubg #fortnite #genshin‚Ä¶ https://t.co/DVbIhpLO4e",No
837,I think @chocoTaco is only good at pubgüò¢üò© come on bro play something else üòè,No
838,@ROACHCLASS @PUBG I've been playing the game since day one and you're really out here tryna tell me I'm shit? Pleas‚Ä¶ https://t.co/x4JqMkKQFu,No
839,@nothing Pubg mobile best optimise plz 90fps,No
840,Win Ace Master title or PUBG üòâ Good Night Sleep Tight üò¥ ü§ó,Yes
841,Fabulous Friyay!!! We love PUBG!!!  Let's win some dinners on regular mode and RANKED!  PUBG on Xbox Series X https://t.co/MHx4x0zV8X,No
842,@kilimanjarious @PUBG_US @PUBG @PUBG_Support @Draco4EVR @Gods_Illest @jordanINtampa @dreamsynetv @ging3rvituz‚Ä¶ https://t.co/eEyyBjvZg4,No
843,Bro @PUBG  y‚Äôall need to make the game skill base against same level player I‚Äôm tired of being killed by level 500 players FIX THE GAME,No
844,@ChrisMeister719 @PUBG @PUBG_EU @PUBG_US @PUBG_Support @andymhall @CurdStuff Because it's still a backward edition.‚Ä¶ https://t.co/5UTxHfn53b,No
845,"‚Üí available today; July 9, 2022 ‚Üê

‚ä∏ garena shells 
‚ä∏ valorant points
‚ä∏ ml dias
‚ä∏ genesis crystals
‚ä∏ pubg uc
‚ä∏ synd‚Ä¶ https://t.co/PBM8w4zwbU",Yes
846,nice win!  #PUBG https://t.co/3QHtXq216l,No
847,@Blank_Stride @GaltFor @FBIofSachi @Evitozen @Unlimited_Her0 Evangelion maybe too since they did one with PUBG.,Yes
848,@instagram @facebook @Meta Hello Sir Help me Not my account ID uhq52715 my userid Chetan Vilas Patil Facebook accou‚Ä¶ https://t.co/7TFg4QPNCj,No
849,"Self-proclaimed Pony Smush QueenüèÅ

#KatorTot #PUBG #Xbox #Twitch https://t.co/H4ab4z4y3P",No
850,"Time for some Friday fun, leggo üéÆüêô 
 @SergioRicha @Raven_Delavega @ManishWayz 

#destiny2 #FallGuys #PUBG‚Ä¶ https://t.co/g5do5brj6n",Yes
851,@loveChcck Download pubg,No
852,"ADVANCED CUSTOM ROOMS MADNESS! | PUBG MOBILE LIVE - UC GIVEAWAYS!! https://t.co/8lDkKHrkG7 via .@YouTube 
#LOVEPUBGM #PUBGMAMBASSADORS",Yes
853,üî¥PUBG - SQUAD UP!! Live Stream https://t.co/CnN466NssG via @YouTube,No
854,@wetheculture @facebook @instagram @Meta Hello Sir Help me Not my account ID uhq52715 my userid Chetan Vilas Patil‚Ä¶ https://t.co/GGR0E5oUBD,No
855,Special News Tomorrow morning! Stream Start Time - 10:30am CST! Come hang out and watch me PUBG!,No
856,"@PUBG_EU Eh, not a damn thing.",No
857,DESTON MAP AGAIN! what are your favorite or least liked parts of the map? What about the new shotty?‚Ä¶ https://t.co/IoTNmJcd3j,No
858,HIGHLIGHTS #27 https://t.co/RYELCxAYrA via @YouTube,Yes
859,Another great stream on #pubg playing #deston on test server. VERY excited when I can play solos/duos on live serve‚Ä¶ https://t.co/Ft12A7OLsS,No
860,PUBG: Player Useless Bleeding Graffitiing,Yes
861,Watching old shroud pubg yt vids :(,Yes
862,@Ninja come play pubg,No
863,"@MacMartell @shaunduke @WraithOfSpades Shaun, his friends and I play stuff one or two nights a week on Shaun's stre‚Ä¶ https://t.co/latVzBHqY5",Yes
864,@MatteoGervasi5 @4Sak3nAR Well @hackerman5453 helped me remove my ban on pubg so he might be able to run it for you,No
865,Omg excited thank you PUBG!!! https://t.co/bvLXs45CGy,No
866,@lenalemon_ This is literally going to break the anime world. So stoked,No
867,pubg mobile new video #pubgmobile #pubg #pubgmobilelite #pubgm #fms¬†#fortniteclips https://t.co/ah9IqM46Xy,No
868,pubg mobile new video #pubgmobile #pubg #pubgmobilelite #pubgm #fms¬†#fortniteclips https://t.co/jq7zdS91Z9,No
869,"@Patrick21611 And what‚Äôs next after murdering RDO? Are they gonna go to any Gaming Community like Halo, Fortnite, P‚Ä¶ https://t.co/uFKtpysZbz",No
870,PUBG: BATTLEGROUNDS with ol lady and homie live at https://t.co/16r2thhk4u,No
871,@ryyd__ Pubg comeback,Yes
872,ROLEX REACTS to UNLUCKIEST MOMENTS EVER IN PUBG MOBILE | #PubgMobile #pubgm #pubg #mobile https://t.co/C3CLQPjx6F #pubg,No
873,@wahlexander @transpurin but also like fortnite is a very competitive game that was designed to be competitive but‚Ä¶ https://t.co/J72vKkNrUG,No
874,"Check out this product üòç COBI TREASURE DELUXE CD KEY üòç  #digicodes #pubg #fortnite #genshin #genshinimpact
by DIGIC‚Ä¶ https://t.co/Sw3LYm0H7X",No
875,@VijayDandu8 PUBG MY LOVE IT BEEN SO LONG THAN I PLAY IT AGAIN https://t.co/NdV4Kc7h2K,No
876,I am officially hardwired on Xbox and PC! I went from having 17 mbps to almost 700 mbps. I can‚Äôt even explain how e‚Ä¶ https://t.co/2kpGKhKJGJ,No
877,@afflixtions That‚Äôs why pubg is King!,Yes
878,Still pleases me that I found my #PUBG outfit in an GIF https://t.co/apsjP6aOA8,Yes
879,@_amiralizaree Call of &gt;&gt;&gt;&gt;&gt;&gt; pubg,No
880,@sayuti_bull @Orth__ We don‚Äôt like easy games we stick with the CODM ....... this game Na Copy of codm and pubg,No
881,@Sixless PUBG its better,No
882,@PUBG Australia needs and wants FPP solo mode,No
883,"@PUBGMOBILE I made my first video of pubg yesterday, come watch!! https://t.co/YvUiKp9H9X https://t.co/cFX59sz33i",No
884,"I made a tutorial on how to close PUBG within 5 seconds, useful when the game crashes but steam doesn't show that.‚Ä¶ https://t.co/kr0UjqoeZT",No
885,‚ö†Ô∏èTURN VOLUME DOWN ‚ö†Ô∏è Activated my inner @tgltnPUBG with this smoke spray! üî•ü§£üíÄ ALSO WE LIVE! ‚û°Ô∏è‚Ä¶ https://t.co/ybEqwZ9279,Yes
886,"@BenWest83005712 They already got the Krafton account link, what‚Äôs one more step to transfer data between emails/co‚Ä¶ https://t.co/6FrrDhAKug",Yes
887,"@PUBG_EU My favorite part is that the game looks exactly like it did in 2017, same old ugly assets. It's been 5 years, time to start fresh.",No
888,@AbesNFTS @Sminer85 Done,No
889,@RowdyRodyy @PUBG Definitely am not super salty I didn‚Äôt get partner but at this point I‚Äôm not going to make it a f‚Ä¶ https://t.co/lqb2pI1mTh,No
890,"WE ARE LIVE!

Vibes, Laughs, and Wins...Come Hang!

#ShadowArmy #PUBG 
#EvilDead #PS5

Shad0wManLIVE https://t.co/5w2qDr11AK",No
891,fuck idk how to play pubg at all üò≠ https://t.co/4uZyX9oNPJ,No
892,Stream RIGHT NOW on TWITCH go WATCH NOW! V https://t.co/oR7s2QqBGA,No
893,#PUBG #Wrestlefest is just around the corner and I‚Äôm feeling hyped. Don‚Äôt think I hadn‚Äôt noticed. I see you getting‚Ä¶ https://t.co/ns5ikfHwo5,No
894,@andymhall @ChrisMeister719 @PUBG @PUBG_EU @PUBG_US @PUBG_Support @CurdStuff Release an option to transfer player d‚Ä¶ https://t.co/ZSkBZNcnhG,No
895,"Crazy is pretty bad at spotting people in PUBG, he is gonna need your help spotting https://t.co/VBlror3sBV https://t.co/DoRsE7o0R1",No
896,"PUBG BABYYYYY come say hi and see how bad I am at this game #ContentCreator #smallstreamer #LiveStreaming 
https://t.co/fLLmSA3OnR",No
897,@PUBG_Devs I retire pub g. Too many times people use rapid fire mods and I‚Äôm sick of it. https://t.co/nG6ubBsnMt,Yes
898,Complete PUBG MOBILE Return Missions! Collect a permanent epic outfit for free! My invitation code: NRZTL7O https://t.co/zySo9ezY9t,Yes
899,This man reported me for cheating meanwhile he pulled up to the warehouse no less than 7 minutes prior on a bicycle‚Ä¶ https://t.co/FM9jxgtOAD,No
